geometry,rank,transition_width,noise,seed,observation_protocol,median_field_error,median_param_error,success,finite_result,worst_case_error,gain_over_baseline,observability_proxy,training_mode,is_actual_pinn_training,allowed_claim,forbidden_claim,claim_status
uniform_strip,2,0.2,0.0,2026,terminal_only_single_pulse,0.5594949214739043,0.40346959964188317,False,True,0.5594949214739043,0.0,0.12,deterministic_low_rank_observability_audit,False,terminal-only observations define an observability boundary,terminal-only data solve 2D hidden-field recovery,failed_but_informative
uniform_strip,2,0.2,0.0,2026,terminal_only_multi_pulse,0.4067074082183611,0.13838151010840188,False,True,0.4067074082183611,0.0,0.28,deterministic_low_rank_observability_audit,False,terminal-only low-dimensional inverse under strong priors and multi-pulse excitation,terminal-only data solve full 2D hidden-field recovery,qualified_supported
uniform_strip,2,0.2,0.0,2026,terminal_plus_low_rank_prior,0.1850522027974771,0.09169032364815284,True,True,0.1850522027974771,0.0,0.52,deterministic_low_rank_observability_audit,False,low-rank augmented 2D reconstruction is conditionally supported,full-grid 2D recovery is solved,qualified_supported
uniform_strip,2,0.2,0.0,2026,terminal_plus_sparse_anchors_1pct,0.15092132969786734,0.07586997810746057,True,True,0.15092132969786734,0.0,0.64,deterministic_low_rank_observability_audit,False,low-rank augmented 2D reconstruction is conditionally supported,full-grid 2D recovery is solved,qualified_supported
uniform_strip,2,0.2,0.0,2026,terminal_plus_sparse_anchors_2pct,0.10061421979857825,0.060695982485968455,True,True,0.10061421979857825,0.0,0.74,deterministic_low_rank_observability_audit,False,augmented low-rank 2D hidden-field reconstruction is protocol-limited and qualified,sparse terminal data uniquely recover full 2D hidden fields,qualified_supported
uniform_strip,2,0.2,0.0,2026,terminal_plus_sensitivity_anchors,0.05417688758384982,0.050579985404973715,True,True,0.05417688758384982,0.0,0.82,deterministic_low_rank_observability_audit,False,augmented low-rank 2D hidden-field reconstruction is protocol-limited and qualified,sparse terminal data uniquely recover full 2D hidden fields,qualified_supported
uniform_strip,2,0.2,0.0,2026,terminal_plus_dense_anchors_5pct,0.042379273744354164,0.04196355399321186,True,True,0.042379273744354164,0.0,0.9,deterministic_low_rank_observability_audit,False,augmented low-rank 2D hidden-field reconstruction is protocol-limited and qualified,sparse terminal data uniquely recover full 2D hidden fields,qualified_supported
uniform_strip,2,0.2,0.0,2027,terminal_only_single_pulse,0.5594396527142594,0.40628469001604955,False,True,0.5594396527142594,0.0,0.12,deterministic_low_rank_observability_audit,False,terminal-only observations define an observability boundary,terminal-only data solve 2D hidden-field recovery,failed_but_informative
uniform_strip,2,0.2,0.0,2027,terminal_only_multi_pulse,0.40616673543977055,0.13917552803384814,False,True,0.40616673543977055,0.0,0.28,deterministic_low_rank_observability_audit,False,terminal-only low-dimensional inverse under strong priors and multi-pulse excitation,terminal-only data solve full 2D hidden-field recovery,qualified_supported
uniform_strip,2,0.2,0.0,2027,terminal_plus_low_rank_prior,0.19202700014421187,0.09581954116925846,True,True,0.19202700014421187,0.0,0.52,deterministic_low_rank_observability_audit,False,low-rank augmented 2D reconstruction is conditionally supported,full-grid 2D recovery is solved,qualified_supported
uniform_strip,2,0.2,0.0,2027,terminal_plus_sparse_anchors_1pct,0.14841893691282146,0.07514000079501272,True,True,0.14841893691282146,0.0,0.64,deterministic_low_rank_observability_audit,False,augmented low-rank 2D hidden-field reconstruction is protocol-limited and qualified,sparse terminal data uniquely recover full 2D hidden fields,qualified_supported
uniform_strip,2,0.2,0.0,2027,terminal_plus_sparse_anchors_2pct,0.09894595794188098,0.060112000636010174,True,True,0.09894595794188098,0.0,0.74,deterministic_low_rank_observability_audit,False,augmented low-rank 2D hidden-field reconstruction is protocol-limited and qualified,sparse terminal data uniquely recover full 2D hidden fields,qualified_supported
uniform_strip,2,0.2,0.0,2027,terminal_plus_sensitivity_anchors,0.05327859273793592,0.05009333386334181,True,True,0.05327859273793592,0.0,0.82,deterministic_low_rank_observability_audit,False,augmented low-rank 2D hidden-field reconstruction is protocol-limited and qualified,sparse terminal data uniquely recover full 2D hidden fields,qualified_supported
uniform_strip,2,0.2,0.0,2027,terminal_plus_dense_anchors_5pct,0.04184885390304157,0.04173158349415746,True,True,0.04184885390304157,0.0,0.9,deterministic_low_rank_observability_audit,False,augmented low-rank 2D hidden-field reconstruction is protocol-limited and qualified,sparse terminal data uniquely recover full 2D hidden fields,qualified_supported
uniform_strip,2,0.2,0.02,2026,terminal_only_single_pulse,0.5914162514058887,0.42820612866754626,False,True,0.5914162514058887,0.0,0.12,deterministic_low_rank_observability_audit,False,terminal-only observations define an observability boundary,terminal-only data solve 2D hidden-field recovery,failed_but_informative
uniform_strip,2,0.2,0.02,2026,terminal_only_multi_pulse,0.4299116248523919,0.1468656145971908,False,True,0.4299116248523919,0.0,0.28,deterministic_low_rank_observability_audit,False,terminal-only low-dimensional inverse under strong priors and multi-pulse excitation,terminal-only data solve full 2D hidden-field recovery,qualified_supported
uniform_strip,2,0.2,0.02,2026,terminal_plus_low_rank_prior,0.1956101403111499,0.09731181372896222,True,True,0.1956101403111499,0.0,0.52,deterministic_low_rank_observability_audit,False,low-rank augmented 2D reconstruction is conditionally supported,full-grid 2D recovery is solved,qualified_supported
uniform_strip,2,0.2,0.02,2026,terminal_plus_sparse_anchors_1pct,0.15953197007038072,0.08052153033666799,True,True,0.15953197007038072,0.0,0.64,deterministic_low_rank_observability_audit,False,low-rank augmented 2D reconstruction is conditionally supported,full-grid 2D recovery is solved,qualified_supported
uniform_strip,2,0.2,0.02,2026,terminal_plus_sparse_anchors_2pct,0.10635464671358717,0.06441722426933438,True,True,0.10635464671358717,0.0,0.74,deterministic_low_rank_observability_audit,False,augmented low-rank 2D hidden-field reconstruction is protocol-limited and qualified,sparse terminal data uniquely recover full 2D hidden fields,qualified_supported
uniform_strip,2,0.2,0.02,2026,terminal_plus_sensitivity_anchors,0.05726788669193155,0.05368102022444532,True,True,0.05726788669193155,0.0,0.82,deterministic_low_rank_observability_audit,False,augmented low-rank 2D hidden-field reconstruction is protocol-limited and qualified,sparse terminal data uniquely recover full 2D hidden fields,qualified_supported
uniform_strip,2,0.2,0.02,2026,terminal_plus_dense_anchors_5pct,0.04479717376015351,0.04453631950589092,True,True,0.04479717376015351,0.0,0.9,deterministic_low_rank_observability_audit,False,augmented low-rank 2D hidden-field reconstruction is protocol-limited and qualified,sparse terminal data uniquely recover full 2D hidden fields,qualified_supported
uniform_strip,2,0.2,0.02,2027,terminal_only_single_pulse,0.5915837043301126,0.43119381089203357,False,True,0.5915837043301126,0.0,0.12,deterministic_low_rank_observability_audit,False,terminal-only observations define an observability boundary,terminal-only data solve 2D hidden-field recovery,failed_but_informative
uniform_strip,2,0.2,0.02,2027,terminal_only_multi_pulse,0.4295040953234951,0.14770831338354243,False,True,0.4295040953234951,0.0,0.28,deterministic_low_rank_observability_audit,False,terminal-only low-dimensional inverse under strong priors and multi-pulse excitation,terminal-only data solve full 2D hidden-field recovery,qualified_supported
uniform_strip,2,0.2,0.02,2027,terminal_plus_low_rank_prior,0.2030604079020021,0.10169419160999277,False,True,0.2030604079020021,0.0,0.52,deterministic_low_rank_observability_audit,False,this protocol is a negative observability-boundary result,2D hidden-field recovery is solved by this protocol,forbidden
uniform_strip,2,0.2,0.02,2027,terminal_plus_sparse_anchors_1pct,0.1569467306538428,0.0797467984628022,True,True,0.1569467306538428,0.0,0.64,deterministic_low_rank_observability_audit,False,low-rank augmented 2D reconstruction is conditionally supported,full-grid 2D recovery is solved,qualified_supported
uniform_strip,2,0.2,0.02,2027,terminal_plus_sparse_anchors_2pct,0.1046311537692285,0.06379743877024176,True,True,0.1046311537692285,0.0,0.74,deterministic_low_rank_observability_audit,False,augmented low-rank 2D hidden-field reconstruction is protocol-limited and qualified,sparse terminal data uniquely recover full 2D hidden fields,qualified_supported
uniform_strip,2,0.2,0.02,2027,terminal_plus_sensitivity_anchors,0.05633985202958459,0.053164532308534795,True,True,0.05633985202958459,0.0,0.82,deterministic_low_rank_observability_audit,False,augmented low-rank 2D hidden-field reconstruction is protocol-limited and qualified,sparse terminal data uniquely recover full 2D hidden fields,qualified_supported
uniform_strip,2,0.2,0.02,2027,terminal_plus_dense_anchors_5pct,0.044253387999609685,0.04429012700600164,True,True,0.044253387999609685,0.0,0.9,deterministic_low_rank_observability_audit,False,augmented low-rank 2D hidden-field reconstruction is protocol-limited and qualified,sparse terminal data uniquely recover full 2D hidden fields,qualified_supported
uniform_strip,2,0.05,0.0,2026,terminal_only_single_pulse,0.8055268546184912,0.42893441305061636,False,True,0.8055268546184912,0.0,0.12,deterministic_low_rank_observability_audit,False,terminal-only observations define an observability boundary,terminal-only data solve 2D hidden-field recovery,failed_but_informative
uniform_strip,2,0.05,0.0,2026,terminal_only_multi_pulse,0.6184982853966847,0.1553927244455474,False,True,0.6184982853966847,0.0,0.28,deterministic_low_rank_observability_audit,False,terminal-only low-dimensional inverse under strong priors and multi-pulse excitation,terminal-only data solve full 2D hidden-field recovery,qualified_supported
uniform_strip,2,0.05,0.0,2026,terminal_plus_low_rank_prior,0.28335610687988333,0.1036711753295109,False,True,0.28335610687988333,0.0,0.52,deterministic_low_rank_observability_audit,False,this protocol is a negative observability-boundary result,2D hidden-field recovery is solved by this protocol,forbidden
uniform_strip,2,0.05,0.0,2026,terminal_plus_sparse_anchors_1pct,0.20864271920654198,0.07744952680490973,False,True,0.20864271920654198,0.0,0.64,deterministic_low_rank_observability_audit,False,this protocol is a negative observability-boundary result,2D hidden-field recovery is solved by this protocol,forbidden
uniform_strip,2,0.05,0.0,2026,terminal_plus_sparse_anchors_2pct,0.13909514613769464,0.061959621443927776,True,True,0.13909514613769464,0.0,0.74,deterministic_low_rank_observability_audit,False,augmented low-rank 2D hidden-field reconstruction is protocol-limited and qualified,sparse terminal data uniquely recover full 2D hidden fields,qualified_supported
uniform_strip,2,0.05,0.0,2026,terminal_plus_sensitivity_anchors,0.07489738638183559,0.05163301786993981,True,True,0.07489738638183559,0.0,0.82,deterministic_low_rank_observability_audit,False,augmented low-rank 2D hidden-field reconstruction is protocol-limited and qualified,sparse terminal data uniquely recover full 2D hidden fields,qualified_supported
uniform_strip,2,0.05,0.0,2026,terminal_plus_dense_anchors_5pct,0.05867590359089926,0.04290172330800724,True,True,0.05867590359089926,0.0,0.9,deterministic_low_rank_observability_audit,False,augmented low-rank 2D hidden-field reconstruction is protocol-limited and qualified,sparse terminal data uniquely recover full 2D hidden fields,qualified_supported
uniform_strip,2,0.05,0.0,2027,terminal_only_single_pulse,0.7918591622193432,0.4310381042627015,False,True,0.7918591622193432,0.0,0.12,deterministic_low_rank_observability_audit,False,terminal-only observations define an observability boundary,terminal-only data solve 2D hidden-field recovery,failed_but_informative
uniform_strip,2,0.05,0.0,2027,terminal_only_multi_pulse,0.5597354592856669,0.14375794371915357,False,True,0.5597354592856669,0.0,0.28,deterministic_low_rank_observability_audit,False,terminal-only low-dimensional inverse under strong priors and multi-pulse excitation,terminal-only data solve full 2D hidden-field recovery,qualified_supported
uniform_strip,2,0.05,0.0,2027,terminal_plus_low_rank_prior,0.2738312264225378,0.10241540043618173,False,True,0.2738312264225378,0.0,0.52,deterministic_low_rank_observability_audit,False,this protocol is a negative observability-boundary result,2D hidden-field recovery is solved by this protocol,forbidden
uniform_strip,2,0.05,0.0,2027,terminal_plus_sparse_anchors_1pct,0.20882364481281465,0.07924138485502166,False,True,0.20882364481281465,0.0,0.64,deterministic_low_rank_observability_audit,False,this protocol is a negative observability-boundary result,2D hidden-field recovery is solved by this protocol,forbidden
uniform_strip,2,0.05,0.0,2027,terminal_plus_sparse_anchors_2pct,0.13921576320854306,0.06339310788401734,True,True,0.13921576320854306,0.0,0.74,deterministic_low_rank_observability_audit,False,augmented low-rank 2D hidden-field reconstruction is protocol-limited and qualified,sparse terminal data uniquely recover full 2D hidden fields,qualified_supported
uniform_strip,2,0.05,0.0,2027,terminal_plus_sensitivity_anchors,0.07496233403536935,0.05282758990334777,True,True,0.07496233403536935,0.0,0.82,deterministic_low_rank_observability_audit,False,augmented low-rank 2D hidden-field reconstruction is protocol-limited and qualified,sparse terminal data uniquely recover full 2D hidden fields,qualified_supported
uniform_strip,2,0.05,0.0,2027,terminal_plus_dense_anchors_5pct,0.05883540916612603,0.04397547913317431,True,True,0.05883540916612603,0.0,0.9,deterministic_low_rank_observability_audit,False,augmented low-rank 2D hidden-field reconstruction is protocol-limited and qualified,sparse terminal data uniquely recover full 2D hidden fields,qualified_supported
uniform_strip,2,0.05,0.02,2026,terminal_only_single_pulse,0.8377373249017178,0.4538950031885901,False,True,0.8377373249017178,0.0,0.12,deterministic_low_rank_observability_audit,False,terminal-only observations define an observability boundary,terminal-only data solve 2D hidden-field recovery,failed_but_informative
uniform_strip,2,0.05,0.02,2026,terminal_only_multi_pulse,0.6432300749425862,0.1644353519132826,False,True,0.6432300749425862,0.0,0.28,deterministic_low_rank_observability_audit,False,terminal-only low-dimensional inverse under strong priors and multi-pulse excitation,terminal-only data solve full 2D hidden-field recovery,qualified_supported
uniform_strip,2,0.05,0.02,2026,terminal_plus_low_rank_prior,0.2946866210742834,0.10970401773569148,False,True,0.2946866210742834,0.0,0.52,deterministic_low_rank_observability_audit,False,this protocol is a negative observability-boundary result,2D hidden-field recovery is solved by this protocol,forbidden
uniform_strip,2,0.05,0.02,2026,terminal_plus_sparse_anchors_1pct,0.21698568141603508,0.0819564766698282,False,True,0.21698568141603508,0.0,0.64,deterministic_low_rank_observability_audit,False,this protocol is a negative observability-boundary result,2D hidden-field recovery is solved by this protocol,forbidden
uniform_strip,2,0.05,0.02,2026,terminal_plus_sparse_anchors_2pct,0.1446571209440234,0.06556518133586256,True,True,0.1446571209440234,0.0,0.74,deterministic_low_rank_observability_audit,False,augmented low-rank 2D hidden-field reconstruction is protocol-limited and qualified,sparse terminal data uniquely recover full 2D hidden fields,qualified_supported
uniform_strip,2,0.05,0.02,2026,terminal_plus_sensitivity_anchors,0.07789229589293568,0.0546376511132188,True,True,0.07789229589293568,0.0,0.82,deterministic_low_rank_observability_audit,False,augmented low-rank 2D hidden-field reconstruction is protocol-limited and qualified,sparse terminal data uniquely recover full 2D hidden fields,qualified_supported
uniform_strip,2,0.05,0.02,2026,terminal_plus_dense_anchors_5pct,0.0610221673288739,0.045398264268868685,True,True,0.0610221673288739,0.0,0.9,deterministic_low_rank_observability_audit,False,augmented low-rank 2D hidden-field reconstruction is protocol-limited and qualified,sparse terminal data uniquely recover full 2D hidden fields,qualified_supported
uniform_strip,2,0.05,0.02,2027,terminal_only_single_pulse,0.824227607431161,0.4561211125898531,False,True,0.824227607431161,0.0,0.12,deterministic_low_rank_observability_audit,False,terminal-only observations define an observability boundary,terminal-only data solve 2D hidden-field recovery,failed_but_informative
uniform_strip,2,0.05,0.02,2027,terminal_only_multi_pulse,0.5826154958015306,0.15212351897512688,False,True,0.5826154958015306,0.0,0.28,deterministic_low_rank_observability_audit,False,terminal-only low-dimensional inverse under strong priors and multi-pulse excitation,terminal-only data solve full 2D hidden-field recovery,qualified_supported
uniform_strip,2,0.05,0.02,2027,terminal_plus_low_rank_prior,0.2850244934485846,0.10837516667625334,False,True,0.2850244934485846,0.0,0.52,deterministic_low_rank_observability_audit,False,this protocol is a negative observability-boundary result,2D hidden-field recovery is solved by this protocol,forbidden
uniform_strip,2,0.05,0.02,2027,terminal_plus_sparse_anchors_1pct,0.21735962826612396,0.08385260668556813,False,True,0.21735962826612396,0.0,0.64,deterministic_low_rank_observability_audit,False,this protocol is a negative observability-boundary result,2D hidden-field recovery is solved by this protocol,forbidden
uniform_strip,2,0.05,0.02,2027,terminal_plus_sparse_anchors_2pct,0.14490641884408262,0.0670820853484545,True,True,0.14490641884408262,0.0,0.74,deterministic_low_rank_observability_audit,False,augmented low-rank 2D hidden-field reconstruction is protocol-limited and qualified,sparse terminal data uniquely recover full 2D hidden fields,qualified_supported
uniform_strip,2,0.05,0.02,2027,terminal_plus_sensitivity_anchors,0.0780265332237368,0.05590173779037875,True,True,0.0780265332237368,0.0,0.82,deterministic_low_rank_observability_audit,False,augmented low-rank 2D hidden-field reconstruction is protocol-limited and qualified,sparse terminal data uniquely recover full 2D hidden fields,qualified_supported
uniform_strip,2,0.05,0.02,2027,terminal_plus_dense_anchors_5pct,0.06124039582154483,0.04653450419007655,True,True,0.06124039582154483,0.0,0.9,deterministic_low_rank_observability_audit,False,augmented low-rank 2D hidden-field reconstruction is protocol-limited and qualified,sparse terminal data uniquely recover full 2D hidden fields,qualified_supported
uniform_strip,4,0.2,0.0,2026,terminal_only_single_pulse,0.4283885528007247,0.37104793538494607,False,True,0.4283885528007247,0.0,0.12,deterministic_low_rank_observability_audit,False,terminal-only observations define an observability boundary,terminal-only data solve 2D hidden-field recovery,failed_but_informative
uniform_strip,4,0.2,0.0,2026,terminal_only_multi_pulse,0.31140371669687,0.12726156733183389,False,True,0.31140371669687,0.0,0.28,deterministic_low_rank_observability_audit,False,terminal-only low-dimensional inverse under strong priors and multi-pulse excitation,terminal-only data solve full 2D hidden-field recovery,qualified_supported
uniform_strip,4,0.2,0.0,2026,terminal_plus_low_rank_prior,0.14168894534406404,0.08432235121214056,True,True,0.14168894534406404,0.0,0.52,deterministic_low_rank_observability_audit,False,augmented low-rank 2D hidden-field reconstruction is protocol-limited and qualified,sparse terminal data uniquely recover full 2D hidden fields,qualified_supported
uniform_strip,4,0.2,0.0,2026,terminal_plus_sparse_anchors_1pct,0.11555595508483257,0.06977328343811107,True,True,0.11555595508483257,0.0,0.64,deterministic_low_rank_observability_audit,False,augmented low-rank 2D hidden-field reconstruction is protocol-limited and qualified,sparse terminal data uniquely recover full 2D hidden fields,qualified_supported
uniform_strip,4,0.2,0.0,2026,terminal_plus_sparse_anchors_2pct,0.07703730338988839,0.05581862675048884,True,True,0.07703730338988839,0.0,0.74,deterministic_low_rank_observability_audit,False,augmented low-rank 2D hidden-field reconstruction is protocol-limited and qualified,sparse terminal data uniquely recover full 2D hidden fields,qualified_supported
uniform_strip,4,0.2,0.0,2026,terminal_plus_sensitivity_anchors,0.04148162490224759,0.046515522292074035,True,True,0.04148162490224759,0.0,0.82,deterministic_low_rank_observability_audit,False,augmented low-rank 2D hidden-field reconstruction is protocol-limited and qualified,sparse terminal data uniquely recover full 2D hidden fields,qualified_supported
uniform_strip,4,0.2,0.0,2026,terminal_plus_dense_anchors_5pct,0.03244854430539526,0.038591482690185905,True,True,0.03244854430539526,0.0,0.9,deterministic_low_rank_observability_audit,False,augmented low-rank 2D hidden-field reconstruction is protocol-limited and qualified,sparse terminal data uniquely recover full 2D hidden fields,qualified_supported
uniform_strip,4,0.2,0.0,2027,terminal_only_single_pulse,0.4269041151861191,0.3736368131397598,False,True,0.4269041151861191,0.0,0.12,deterministic_low_rank_observability_audit,False,terminal-only observations define an observability boundary,terminal-only data solve 2D hidden-field recovery,failed_but_informative
uniform_strip,4,0.2,0.0,2027,terminal_only_multi_pulse,0.309942725671455,0.1279917802454139,False,True,0.309942725671455,0.0,0.28,deterministic_low_rank_observability_audit,False,terminal-only low-dimensional inverse under strong priors and multi-pulse excitation,terminal-only data solve full 2D hidden-field recovery,qualified_supported
uniform_strip,4,0.2,0.0,2027,terminal_plus_low_rank_prior,0.14653433340071148,0.08811975661101448,True,True,0.14653433340071148,0.0,0.52,deterministic_low_rank_observability_audit,False,augmented low-rank 2D hidden-field reconstruction is protocol-limited and qualified,sparse terminal data uniquely recover full 2D hidden fields,qualified_supported
uniform_strip,4,0.2,0.0,2027,terminal_plus_sparse_anchors_1pct,0.11325735426908451,0.06910196501684206,True,True,0.11325735426908451,0.0,0.64,deterministic_low_rank_observability_audit,False,augmented low-rank 2D hidden-field reconstruction is protocol-limited and qualified,sparse terminal data uniquely recover full 2D hidden fields,qualified_supported
uniform_strip,4,0.2,0.0,2027,terminal_plus_sparse_anchors_2pct,0.07550490284605635,0.05528157201347363,True,True,0.07550490284605635,0.0,0.74,deterministic_low_rank_observability_audit,False,augmented low-rank 2D hidden-field reconstruction is protocol-limited and qualified,sparse terminal data uniquely recover full 2D hidden fields,qualified_supported
uniform_strip,4,0.2,0.0,2027,terminal_plus_sensitivity_anchors,0.040656486147876494,0.046067976677894695,True,True,0.040656486147876494,0.0,0.82,deterministic_low_rank_observability_audit,False,augmented low-rank 2D hidden-field reconstruction is protocol-limited and qualified,sparse terminal data uniquely recover full 2D hidden fields,qualified_supported
uniform_strip,4,0.2,0.0,2027,terminal_plus_dense_anchors_5pct,0.03193453996396663,0.03837815267766266,True,True,0.03193453996396663,0.0,0.9,deterministic_low_rank_observability_audit,False,augmented low-rank 2D hidden-field reconstruction is protocol-limited and qualified,sparse terminal data uniquely recover full 2D hidden fields,qualified_supported
uniform_strip,4,0.2,0.02,2026,terminal_only_single_pulse,0.460309882732709,0.3957844644106092,False,True,0.460309882732709,0.0,0.12,deterministic_low_rank_observability_audit,False,terminal-only observations define an observability boundary,terminal-only data solve 2D hidden-field recovery,failed_but_informative
uniform_strip,4,0.2,0.02,2026,terminal_only_multi_pulse,0.33460793333090083,0.1357456718206228,False,True,0.33460793333090083,0.0,0.28,deterministic_low_rank_observability_audit,False,terminal-only low-dimensional inverse under strong priors and multi-pulse excitation,terminal-only data solve full 2D hidden-field recovery,qualified_supported
uniform_strip,4,0.2,0.02,2026,terminal_plus_low_rank_prior,0.15224688285773683,0.08994384129294992,True,True,0.15224688285773683,0.0,0.52,deterministic_low_rank_observability_audit,False,low-rank augmented 2D reconstruction is conditionally supported,full-grid 2D recovery is solved,qualified_supported
uniform_strip,4,0.2,0.02,2026,terminal_plus_sparse_anchors_1pct,0.12416659545734597,0.07442483566731847,True,True,0.12416659545734597,0.0,0.64,deterministic_low_rank_observability_audit,False,augmented low-rank 2D hidden-field reconstruction is protocol-limited and qualified,sparse terminal data uniquely recover full 2D hidden fields,qualified_supported
uniform_strip,4,0.2,0.02,2026,terminal_plus_sparse_anchors_2pct,0.08277773030489732,0.05953986853385477,True,True,0.08277773030489732,0.0,0.74,deterministic_low_rank_observability_audit,False,augmented low-rank 2D hidden-field reconstruction is protocol-limited and qualified,sparse terminal data uniquely recover full 2D hidden fields,qualified_supported
uniform_strip,4,0.2,0.02,2026,terminal_plus_sensitivity_anchors,0.044572624010329326,0.04961655711154564,True,True,0.044572624010329326,0.0,0.82,deterministic_low_rank_observability_audit,False,augmented low-rank 2D hidden-field reconstruction is protocol-limited and qualified,sparse terminal data uniquely recover full 2D hidden fields,qualified_supported
uniform_strip,4,0.2,0.02,2026,terminal_plus_dense_anchors_5pct,0.034866444321194616,0.04116424820286496,True,True,0.034866444321194616,0.0,0.9,deterministic_low_rank_observability_audit,False,augmented low-rank 2D hidden-field reconstruction is protocol-limited and qualified,sparse terminal data uniquely recover full 2D hidden fields,qualified_supported
uniform_strip,4,0.2,0.02,2027,terminal_only_single_pulse,0.45904816680197225,0.39854593401574384,False,True,0.45904816680197225,0.0,0.12,deterministic_low_rank_observability_audit,False,terminal-only observations define an observability boundary,terminal-only data solve 2D hidden-field recovery,failed_but_informative
uniform_strip,4,0.2,0.02,2027,terminal_only_multi_pulse,0.3332800855551796,0.1365245655951082,False,True,0.3332800855551796,0.0,0.28,deterministic_low_rank_observability_audit,False,terminal-only low-dimensional inverse under strong priors and multi-pulse excitation,terminal-only data solve full 2D hidden-field recovery,qualified_supported
uniform_strip,4,0.2,0.02,2027,terminal_plus_low_rank_prior,0.15756774115850172,0.09399440705174877,True,True,0.15756774115850172,0.0,0.52,deterministic_low_rank_observability_audit,False,low-rank augmented 2D reconstruction is conditionally supported,full-grid 2D recovery is solved,qualified_supported
uniform_strip,4,0.2,0.02,2027,terminal_plus_sparse_anchors_1pct,0.1217851480101058,0.07370876268463153,True,True,0.1217851480101058,0.0,0.64,deterministic_low_rank_observability_audit,False,augmented low-rank 2D hidden-field reconstruction is protocol-limited and qualified,sparse terminal data uniquely recover full 2D hidden fields,qualified_supported
uniform_strip,4,0.2,0.02,2027,terminal_plus_sparse_anchors_2pct,0.08119009867340386,0.058967010147705216,True,True,0.08119009867340386,0.0,0.74,deterministic_low_rank_observability_audit,False,augmented low-rank 2D hidden-field reconstruction is protocol-limited and qualified,sparse terminal data uniquely recover full 2D hidden fields,qualified_supported
uniform_strip,4,0.2,0.02,2027,terminal_plus_sensitivity_anchors,0.04371774543952517,0.04913917512308768,True,True,0.04371774543952517,0.0,0.82,deterministic_low_rank_observability_audit,False,augmented low-rank 2D hidden-field reconstruction is protocol-limited and qualified,sparse terminal data uniquely recover full 2D hidden fields,qualified_supported
uniform_strip,4,0.2,0.02,2027,terminal_plus_dense_anchors_5pct,0.03433907406053475,0.04093669618950684,True,True,0.03433907406053475,0.0,0.9,deterministic_low_rank_observability_audit,False,augmented low-rank 2D hidden-field reconstruction is protocol-limited and qualified,sparse terminal data uniquely recover full 2D hidden fields,qualified_supported
uniform_strip,4,0.05,0.0,2026,terminal_only_single_pulse,0.6719484313474191,0.39621907646201,False,True,0.6719484313474191,0.0,0.12,deterministic_low_rank_observability_audit,False,terminal-only observations define an observability boundary,terminal-only data solve 2D hidden-field recovery,failed_but_informative
uniform_strip,4,0.05,0.0,2026,terminal_only_multi_pulse,0.5159343233320312,0.14354073698783612,False,True,0.5159343233320312,0.0,0.28,deterministic_low_rank_observability_audit,False,terminal-only low-dimensional inverse under strong priors and multi-pulse excitation,terminal-only data solve full 2D hidden-field recovery,qualified_supported
uniform_strip,4,0.05,0.0,2026,terminal_plus_low_rank_prior,0.23636790063420754,0.09576405178742955,False,True,0.23636790063420754,0.0,0.52,deterministic_low_rank_observability_audit,False,this protocol is a negative observability-boundary result,2D hidden-field recovery is solved by this protocol,forbidden
uniform_strip,4,0.05,0.0,2026,terminal_plus_sparse_anchors_1pct,0.17404403972266733,0.07154235950623015,True,True,0.17404403972266733,0.0,0.64,deterministic_low_rank_observability_audit,False,low-rank augmented 2D reconstruction is conditionally supported,full-grid 2D recovery is solved,qualified_supported
uniform_strip,4,0.05,0.0,2026,terminal_plus_sparse_anchors_2pct,0.11602935981511155,0.05723388760498412,True,True,0.11602935981511155,0.0,0.74,deterministic_low_rank_observability_audit,False,augmented low-rank 2D hidden-field reconstruction is protocol-limited and qualified,sparse terminal data uniquely recover full 2D hidden fields,qualified_supported
uniform_strip,4,0.05,0.0,2026,terminal_plus_sensitivity_anchors,0.06247734759275238,0.04769490633748677,True,True,0.06247734759275238,0.0,0.82,deterministic_low_rank_observability_audit,False,augmented low-rank 2D hidden-field reconstruction is protocol-limited and qualified,sparse terminal data uniquely recover full 2D hidden fields,qualified_supported
uniform_strip,4,0.05,0.0,2026,terminal_plus_dense_anchors_5pct,0.04894583110388099,0.03962955797095584,True,True,0.04894583110388099,0.0,0.9,deterministic_low_rank_observability_audit,False,augmented low-rank 2D hidden-field reconstruction is protocol-limited and qualified,sparse terminal data uniquely recover full 2D hidden fields,qualified_supported
uniform_strip,4,0.05,0.0,2027,terminal_only_single_pulse,0.6568464602095315,0.39816231664944457,False,True,0.6568464602095315,0.0,0.12,deterministic_low_rank_observability_audit,False,terminal-only observations define an observability boundary,terminal-only data solve 2D hidden-field recovery,failed_but_informative
uniform_strip,4,0.05,0.0,2027,terminal_only_multi_pulse,0.4643000581758826,0.1327933547914215,False,True,0.4643000581758826,0.0,0.28,deterministic_low_rank_observability_audit,False,terminal-only low-dimensional inverse under strong priors and multi-pulse excitation,terminal-only data solve full 2D hidden-field recovery,qualified_supported
uniform_strip,4,0.05,0.0,2027,terminal_plus_low_rank_prior,0.22714275511616358,0.09460405633511702,False,True,0.22714275511616358,0.0,0.52,deterministic_low_rank_observability_audit,False,this protocol is a negative observability-boundary result,2D hidden-field recovery is solved by this protocol,forbidden
uniform_strip,4,0.05,0.0,2027,terminal_plus_sparse_anchors_1pct,0.173219024856538,0.07319755041692678,True,True,0.173219024856538,0.0,0.64,deterministic_low_rank_observability_audit,False,low-rank augmented 2D reconstruction is conditionally supported,full-grid 2D recovery is solved,qualified_supported
uniform_strip,4,0.05,0.0,2027,terminal_plus_sparse_anchors_2pct,0.11547934990435868,0.05855804033354142,True,True,0.11547934990435868,0.0,0.74,deterministic_low_rank_observability_audit,False,augmented low-rank 2D hidden-field reconstruction is protocol-limited and qualified,sparse terminal data uniquely recover full 2D hidden fields,qualified_supported
uniform_strip,4,0.05,0.0,2027,terminal_plus_sensitivity_anchors,0.0621811884100393,0.04879836694461785,True,True,0.0621811884100393,0.0,0.82,deterministic_low_rank_observability_audit,False,augmented low-rank 2D hidden-field reconstruction is protocol-limited and qualified,sparse terminal data uniquely recover full 2D hidden fields,qualified_supported
uniform_strip,4,0.05,0.0,2027,terminal_plus_dense_anchors_5pct,0.048803918789594676,0.04062141716538983,True,True,0.048803918789594676,0.0,0.9,deterministic_low_rank_observability_audit,False,augmented low-rank 2D hidden-field reconstruction is protocol-limited and qualified,sparse terminal data uniquely recover full 2D hidden fields,qualified_supported
uniform_strip,4,0.05,0.02,2026,terminal_only_single_pulse,0.7041589016306458,0.4211796665999838,False,True,0.7041589016306458,0.0,0.12,deterministic_low_rank_observability_audit,False,terminal-only observations define an observability boundary,terminal-only data solve 2D hidden-field recovery,failed_but_informative
uniform_strip,4,0.05,0.02,2026,terminal_only_multi_pulse,0.5406661128779326,0.15258336445557139,False,True,0.5406661128779326,0.0,0.28,deterministic_low_rank_observability_audit,False,terminal-only low-dimensional inverse under strong priors and multi-pulse excitation,terminal-only data solve full 2D hidden-field recovery,qualified_supported
uniform_strip,4,0.05,0.02,2026,terminal_plus_low_rank_prior,0.24769841482860763,0.10179689419361014,False,True,0.24769841482860763,0.0,0.52,deterministic_low_rank_observability_audit,False,this protocol is a negative observability-boundary result,2D hidden-field recovery is solved by this protocol,forbidden
uniform_strip,4,0.05,0.02,2026,terminal_plus_sparse_anchors_1pct,0.18238700193216043,0.07604930937114865,True,True,0.18238700193216043,0.0,0.64,deterministic_low_rank_observability_audit,False,low-rank augmented 2D reconstruction is conditionally supported,full-grid 2D recovery is solved,qualified_supported
uniform_strip,4,0.05,0.02,2026,terminal_plus_sparse_anchors_2pct,0.12159133462144028,0.060839447496918914,True,True,0.12159133462144028,0.0,0.74,deterministic_low_rank_observability_audit,False,augmented low-rank 2D hidden-field reconstruction is protocol-limited and qualified,sparse terminal data uniquely recover full 2D hidden fields,qualified_supported
uniform_strip,4,0.05,0.02,2026,terminal_plus_sensitivity_anchors,0.06547225710385246,0.050699539580765764,True,True,0.06547225710385246,0.0,0.82,deterministic_low_rank_observability_audit,False,augmented low-rank 2D hidden-field reconstruction is protocol-limited and qualified,sparse terminal data uniquely recover full 2D hidden fields,qualified_supported
uniform_strip,4,0.05,0.02,2026,terminal_plus_dense_anchors_5pct,0.051292094841855616,0.042126098931817284,True,True,0.051292094841855616,0.0,0.9,deterministic_low_rank_observability_audit,False,augmented low-rank 2D hidden-field reconstruction is protocol-limited and qualified,sparse terminal data uniquely recover full 2D hidden fields,qualified_supported
uniform_strip,4,0.05,0.02,2027,terminal_only_single_pulse,0.6892149054213492,0.4232453249765962,False,True,0.6892149054213492,0.0,0.12,deterministic_low_rank_observability_audit,False,terminal-only observations define an observability boundary,terminal-only data solve 2D hidden-field recovery,failed_but_informative
uniform_strip,4,0.05,0.02,2027,terminal_only_multi_pulse,0.4871800946917462,0.14115893004739485,False,True,0.4871800946917462,0.0,0.28,deterministic_low_rank_observability_audit,False,terminal-only low-dimensional inverse under strong priors and multi-pulse excitation,terminal-only data solve full 2D hidden-field recovery,qualified_supported
uniform_strip,4,0.05,0.02,2027,terminal_plus_low_rank_prior,0.23833602214221034,0.10056382257518863,False,True,0.23833602214221034,0.0,0.52,deterministic_low_rank_observability_audit,False,this protocol is a negative observability-boundary result,2D hidden-field recovery is solved by this protocol,forbidden
uniform_strip,4,0.05,0.02,2027,terminal_plus_sparse_anchors_1pct,0.18175500830984734,0.07780877224747326,True,True,0.18175500830984734,0.0,0.64,deterministic_low_rank_observability_audit,False,low-rank augmented 2D reconstruction is conditionally supported,full-grid 2D recovery is solved,qualified_supported
uniform_strip,4,0.05,0.02,2027,terminal_plus_sparse_anchors_2pct,0.12117000553989822,0.0622470177979786,True,True,0.12117000553989822,0.0,0.74,deterministic_low_rank_observability_audit,False,augmented low-rank 2D hidden-field reconstruction is protocol-limited and qualified,sparse terminal data uniquely recover full 2D hidden fields,qualified_supported
uniform_strip,4,0.05,0.02,2027,terminal_plus_sensitivity_anchors,0.06524538759840674,0.051872514831648835,True,True,0.06524538759840674,0.0,0.82,deterministic_low_rank_observability_audit,False,augmented low-rank 2D hidden-field reconstruction is protocol-limited and qualified,sparse terminal data uniquely recover full 2D hidden fields,qualified_supported
uniform_strip,4,0.05,0.02,2027,terminal_plus_dense_anchors_5pct,0.051208905445013476,0.043180442222292066,True,True,0.051208905445013476,0.0,0.9,deterministic_low_rank_observability_audit,False,augmented low-rank 2D hidden-field reconstruction is protocol-limited and qualified,sparse terminal data uniquely recover full 2D hidden fields,qualified_supported
localized_hotspot,2,0.2,0.0,2026,terminal_only_single_pulse,1.7934300865897088,0.4358912638988202,False,True,1.7934300865897088,0.0,0.12,deterministic_low_rank_observability_audit,False,terminal-only observations define an observability boundary,terminal-only data solve 2D hidden-field recovery,failed_but_informative
localized_hotspot,2,0.2,0.0,2026,terminal_only_multi_pulse,1.3036781467403395,0.14950145288496988,False,True,1.3036781467403395,0.0,0.28,deterministic_low_rank_observability_audit,False,terminal-only low-dimensional inverse under strong priors and multi-pulse excitation,terminal-only data solve full 2D hidden-field recovery,qualified_supported
localized_hotspot,2,0.2,0.0,2026,terminal_plus_low_rank_prior,0.5931746211608375,0.09905829608416512,False,True,0.5931746211608375,0.0,0.52,deterministic_low_rank_observability_audit,False,this protocol is a negative observability-boundary result,2D hidden-field recovery is solved by this protocol,forbidden
localized_hotspot,2,0.2,0.0,2026,terminal_plus_sparse_anchors_1pct,0.4837699914688225,0.08196667277681008,False,True,0.4837699914688225,0.0,0.64,deterministic_low_rank_observability_audit,False,this protocol is a negative observability-boundary result,2D hidden-field recovery is solved by this protocol,forbidden
localized_hotspot,2,0.2,0.0,2026,terminal_plus_sparse_anchors_2pct,0.3225133276458817,0.06557333822144806,False,True,0.3225133276458817,0.0,0.74,deterministic_low_rank_observability_audit,False,this protocol is a negative observability-boundary result,2D hidden-field recovery is solved by this protocol,forbidden
localized_hotspot,2,0.2,0.0,2026,terminal_plus_sensitivity_anchors,0.1736610225785517,0.05464444851787338,False,True,0.1736610225785517,0.0,0.82,deterministic_low_rank_observability_audit,False,this protocol is a negative observability-boundary result,2D hidden-field recovery is solved by this protocol,forbidden
localized_hotspot,2,0.2,0.0,2026,terminal_plus_dense_anchors_5pct,0.13584442264591853,0.04533562529623781,True,True,0.13584442264591853,0.0,0.9,deterministic_low_rank_observability_audit,False,augmented low-rank 2D hidden-field reconstruction is protocol-limited and qualified,sparse terminal data uniquely recover full 2D hidden fields,qualified_supported
localized_hotspot,2,0.2,0.0,2027,terminal_only_single_pulse,1.808389161139449,0.4389325668923392,False,True,1.808389161139449,0.0,0.12,deterministic_low_rank_observability_audit,False,terminal-only observations define an observability boundary,terminal-only data solve 2D hidden-field recovery,failed_but_informative
localized_hotspot,2,0.2,0.0,2027,terminal_only_multi_pulse,1.3129343235164523,0.15035927582228237,False,True,1.3129343235164523,0.0,0.28,deterministic_low_rank_observability_audit,False,terminal-only low-dimensional inverse under strong priors and multi-pulse excitation,terminal-only data solve full 2D hidden-field recovery,qualified_supported
localized_hotspot,2,0.2,0.0,2027,terminal_plus_low_rank_prior,0.6207274440095564,0.10351932572750244,False,True,0.6207274440095564,0.0,0.52,deterministic_low_rank_observability_audit,False,this protocol is a negative observability-boundary result,2D hidden-field recovery is solved by this protocol,forbidden
localized_hotspot,2,0.2,0.0,2027,terminal_plus_sparse_anchors_1pct,0.4797643419067296,0.08117803657318337,False,True,0.4797643419067296,0.0,0.64,deterministic_low_rank_observability_audit,False,this protocol is a negative observability-boundary result,2D hidden-field recovery is solved by this protocol,forbidden
localized_hotspot,2,0.2,0.0,2027,terminal_plus_sparse_anchors_2pct,0.31984289460448645,0.0649424292585467,False,True,0.31984289460448645,0.0,0.74,deterministic_low_rank_observability_audit,False,this protocol is a negative observability-boundary result,2D hidden-field recovery is solved by this protocol,forbidden
localized_hotspot,2,0.2,0.0,2027,terminal_plus_sensitivity_anchors,0.17222309709472347,0.05411869104878892,False,True,0.17222309709472347,0.0,0.82,deterministic_low_rank_observability_audit,False,this protocol is a negative observability-boundary result,2D hidden-field recovery is solved by this protocol,forbidden
localized_hotspot,2,0.2,0.0,2027,terminal_plus_dense_anchors_5pct,0.1352764564277725,0.045085014310652254,True,True,0.1352764564277725,0.0,0.9,deterministic_low_rank_observability_audit,False,augmented low-rank 2D hidden-field reconstruction is protocol-limited and qualified,sparse terminal data uniquely recover full 2D hidden fields,qualified_supported
localized_hotspot,2,0.2,0.02,2026,terminal_only_single_pulse,1.8253514165216933,0.46062779292448336,False,True,1.8253514165216933,0.0,0.12,deterministic_low_rank_observability_audit,False,terminal-only observations define an observability boundary,terminal-only data solve 2D hidden-field recovery,failed_but_informative
localized_hotspot,2,0.2,0.02,2026,terminal_only_multi_pulse,1.3268823633743703,0.15798555737375883,False,True,1.3268823633743703,0.0,0.28,deterministic_low_rank_observability_audit,False,terminal-only low-dimensional inverse under strong priors and multi-pulse excitation,terminal-only data solve full 2D hidden-field recovery,qualified_supported
localized_hotspot,2,0.2,0.02,2026,terminal_plus_low_rank_prior,0.6037325586745103,0.1046797861649745,False,True,0.6037325586745103,0.0,0.52,deterministic_low_rank_observability_audit,False,this protocol is a negative observability-boundary result,2D hidden-field recovery is solved by this protocol,forbidden
localized_hotspot,2,0.2,0.02,2026,terminal_plus_sparse_anchors_1pct,0.4923806318413359,0.0866182250060175,False,True,0.4923806318413359,0.0,0.64,deterministic_low_rank_observability_audit,False,this protocol is a negative observability-boundary result,2D hidden-field recovery is solved by this protocol,forbidden
localized_hotspot,2,0.2,0.02,2026,terminal_plus_sparse_anchors_2pct,0.3282537545608906,0.069294580004814,False,True,0.3282537545608906,0.0,0.74,deterministic_low_rank_observability_audit,False,this protocol is a negative observability-boundary result,2D hidden-field recovery is solved by this protocol,forbidden
localized_hotspot,2,0.2,0.02,2026,terminal_plus_sensitivity_anchors,0.17675202168663343,0.057745483337345,False,True,0.17675202168663343,0.0,0.82,deterministic_low_rank_observability_audit,False,this protocol is a negative observability-boundary result,2D hidden-field recovery is solved by this protocol,forbidden
localized_hotspot,2,0.2,0.02,2026,terminal_plus_dense_anchors_5pct,0.1382623226617179,0.04790839080891687,True,True,0.1382623226617179,0.0,0.9,deterministic_low_rank_observability_audit,False,augmented low-rank 2D hidden-field reconstruction is protocol-limited and qualified,sparse terminal data uniquely recover full 2D hidden fields,qualified_supported
localized_hotspot,2,0.2,0.02,2027,terminal_only_single_pulse,1.8405332127553025,0.4638416877683233,False,True,1.8405332127553025,0.0,0.12,deterministic_low_rank_observability_audit,False,terminal-only observations define an observability boundary,terminal-only data solve 2D hidden-field recovery,failed_but_informative
localized_hotspot,2,0.2,0.02,2027,terminal_only_multi_pulse,1.3362716834001769,0.15889206117197663,False,True,1.3362716834001769,0.0,0.28,deterministic_low_rank_observability_audit,False,terminal-only low-dimensional inverse under strong priors and multi-pulse excitation,terminal-only data solve full 2D hidden-field recovery,qualified_supported
localized_hotspot,2,0.2,0.02,2027,terminal_plus_low_rank_prior,0.6317608517673468,0.10939397616823676,False,True,0.6317608517673468,0.0,0.52,deterministic_low_rank_observability_audit,False,this protocol is a negative observability-boundary result,2D hidden-field recovery is solved by this protocol,forbidden
localized_hotspot,2,0.2,0.02,2027,terminal_plus_sparse_anchors_1pct,0.488292135647751,0.08578483424097286,False,True,0.488292135647751,0.0,0.64,deterministic_low_rank_observability_audit,False,this protocol is a negative observability-boundary result,2D hidden-field recovery is solved by this protocol,forbidden
localized_hotspot,2,0.2,0.02,2027,terminal_plus_sparse_anchors_2pct,0.325528090431834,0.06862786739277829,False,True,0.325528090431834,0.0,0.74,deterministic_low_rank_observability_audit,False,this protocol is a negative observability-boundary result,2D hidden-field recovery is solved by this protocol,forbidden
localized_hotspot,2,0.2,0.02,2027,terminal_plus_sensitivity_anchors,0.17528435638637216,0.057189889493981905,False,True,0.17528435638637216,0.0,0.82,deterministic_low_rank_observability_audit,False,this protocol is a negative observability-boundary result,2D hidden-field recovery is solved by this protocol,forbidden
localized_hotspot,2,0.2,0.02,2027,terminal_plus_dense_anchors_5pct,0.13768099052434066,0.04764355782249644,True,True,0.13768099052434066,0.0,0.9,deterministic_low_rank_observability_audit,False,augmented low-rank 2D hidden-field reconstruction is protocol-limited and qualified,sparse terminal data uniquely recover full 2D hidden fields,qualified_supported
localized_hotspot,2,0.05,0.0,2026,terminal_only_single_pulse,1.9544802347062185,0.4616497496392228,False,True,1.9544802347062185,0.0,0.12,deterministic_low_rank_observability_audit,False,terminal-only observations define an observability boundary,terminal-only data solve 2D hidden-field recovery,failed_but_informative
localized_hotspot,2,0.05,0.0,2026,terminal_only_multi_pulse,1.5006857525315291,0.16724471190325862,False,True,1.5006857525315291,0.0,0.28,deterministic_low_rank_observability_audit,False,terminal-only low-dimensional inverse under strong priors and multi-pulse excitation,terminal-only data solve full 2D hidden-field recovery,qualified_supported
localized_hotspot,2,0.05,0.0,2026,terminal_plus_low_rank_prior,0.6875176253960258,0.11157829887159224,False,True,0.6875176253960258,0.0,0.52,deterministic_low_rank_observability_audit,False,this protocol is a negative observability-boundary result,2D hidden-field recovery is solved by this protocol,forbidden
localized_hotspot,2,0.05,0.0,2026,terminal_plus_sparse_anchors_1pct,0.5062377107187569,0.08335669410358928,False,True,0.5062377107187569,0.0,0.64,deterministic_low_rank_observability_audit,False,this protocol is a negative observability-boundary result,2D hidden-field recovery is solved by this protocol,forbidden
localized_hotspot,2,0.05,0.0,2026,terminal_plus_sparse_anchors_2pct,0.33749180714583793,0.06668535528287142,False,True,0.33749180714583793,0.0,0.74,deterministic_low_rank_observability_audit,False,this protocol is a negative observability-boundary result,2D hidden-field recovery is solved by this protocol,forbidden
localized_hotspot,2,0.05,0.0,2026,terminal_plus_sensitivity_anchors,0.18172635769391274,0.05557112940239285,False,True,0.18172635769391274,0.0,0.82,deterministic_low_rank_observability_audit,False,this protocol is a negative observability-boundary result,2D hidden-field recovery is solved by this protocol,forbidden
localized_hotspot,2,0.05,0.0,2026,terminal_plus_dense_anchors_5pct,0.14236756126057987,0.04617388864505865,True,True,0.14236756126057987,0.0,0.9,deterministic_low_rank_observability_audit,False,augmented low-rank 2D hidden-field reconstruction is protocol-limited and qualified,sparse terminal data uniquely recover full 2D hidden fields,qualified_supported
localized_hotspot,2,0.05,0.0,2027,terminal_only_single_pulse,1.9663271357957908,0.46391389187595844,False,True,1.9663271357957908,0.0,0.12,deterministic_low_rank_observability_audit,False,terminal-only observations define an observability boundary,terminal-only data solve 2D hidden-field recovery,failed_but_informative
localized_hotspot,2,0.05,0.0,2027,terminal_only_multi_pulse,1.3899226970813996,0.15472253264688562,False,True,1.3899226970813996,0.0,0.28,deterministic_low_rank_observability_audit,False,terminal-only low-dimensional inverse under strong priors and multi-pulse excitation,terminal-only data solve full 2D hidden-field recovery,qualified_supported
localized_hotspot,2,0.05,0.0,2027,terminal_plus_low_rank_prior,0.6799716374232345,0.11022674453724644,False,True,0.6799716374232345,0.0,0.52,deterministic_low_rank_observability_audit,False,this protocol is a negative observability-boundary result,2D hidden-field recovery is solved by this protocol,forbidden
localized_hotspot,2,0.05,0.0,2027,terminal_plus_sparse_anchors_1pct,0.5185462503715778,0.08528521929311655,False,True,0.5185462503715778,0.0,0.64,deterministic_low_rank_observability_audit,False,this protocol is a negative observability-boundary result,2D hidden-field recovery is solved by this protocol,forbidden
localized_hotspot,2,0.05,0.0,2027,terminal_plus_sparse_anchors_2pct,0.3456975002477185,0.06822817543449324,False,True,0.3456975002477185,0.0,0.74,deterministic_low_rank_observability_audit,False,this protocol is a negative observability-boundary result,2D hidden-field recovery is solved by this protocol,forbidden
localized_hotspot,2,0.05,0.0,2027,terminal_plus_sensitivity_anchors,0.1861448078256946,0.056856812862077694,False,True,0.1861448078256946,0.0,0.82,deterministic_low_rank_observability_audit,False,this protocol is a negative observability-boundary result,2D hidden-field recovery is solved by this protocol,forbidden
localized_hotspot,2,0.05,0.0,2027,terminal_plus_dense_anchors_5pct,0.14609878512330232,0.04732954110095879,True,True,0.14609878512330232,0.0,0.9,deterministic_low_rank_observability_audit,False,augmented low-rank 2D hidden-field reconstruction is protocol-limited and qualified,sparse terminal data uniquely recover full 2D hidden fields,qualified_supported
localized_hotspot,2,0.05,0.02,2026,terminal_only_single_pulse,1.986690704989445,0.48661033977719637,False,True,1.986690704989445,0.0,0.12,deterministic_low_rank_observability_audit,False,terminal-only observations define an observability boundary,terminal-only data solve 2D hidden-field recovery,failed_but_informative
localized_hotspot,2,0.05,0.02,2026,terminal_only_multi_pulse,1.5254175420774305,0.17628733937099383,False,True,1.5254175420774305,0.0,0.28,deterministic_low_rank_observability_audit,False,terminal-only low-dimensional inverse under strong priors and multi-pulse excitation,terminal-only data solve full 2D hidden-field recovery,qualified_supported
localized_hotspot,2,0.05,0.02,2026,terminal_plus_low_rank_prior,0.6988481395904259,0.11761114127777281,False,True,0.6988481395904259,0.0,0.52,deterministic_low_rank_observability_audit,False,this protocol is a negative observability-boundary result,2D hidden-field recovery is solved by this protocol,forbidden
localized_hotspot,2,0.05,0.02,2026,terminal_plus_sparse_anchors_1pct,0.5145806729282499,0.08786364396850775,False,True,0.5145806729282499,0.0,0.64,deterministic_low_rank_observability_audit,False,this protocol is a negative observability-boundary result,2D hidden-field recovery is solved by this protocol,forbidden
localized_hotspot,2,0.05,0.02,2026,terminal_plus_sparse_anchors_2pct,0.3430537819521666,0.07029091517480619,False,True,0.3430537819521666,0.0,0.74,deterministic_low_rank_observability_audit,False,this protocol is a negative observability-boundary result,2D hidden-field recovery is solved by this protocol,forbidden
localized_hotspot,2,0.05,0.02,2026,terminal_plus_sensitivity_anchors,0.1847212672050128,0.058575762645671825,False,True,0.1847212672050128,0.0,0.82,deterministic_low_rank_observability_audit,False,this protocol is a negative observability-boundary result,2D hidden-field recovery is solved by this protocol,forbidden
localized_hotspot,2,0.05,0.02,2026,terminal_plus_dense_anchors_5pct,0.14471382499855448,0.04867042960592008,True,True,0.14471382499855448,0.0,0.9,deterministic_low_rank_observability_audit,False,augmented low-rank 2D hidden-field reconstruction is protocol-limited and qualified,sparse terminal data uniquely recover full 2D hidden fields,qualified_supported
localized_hotspot,2,0.05,0.02,2027,terminal_only_single_pulse,1.9986955810076084,0.48899690020310993,False,True,1.9986955810076084,0.0,0.12,deterministic_low_rank_observability_audit,False,terminal-only observations define an observability boundary,terminal-only data solve 2D hidden-field recovery,failed_but_informative
localized_hotspot,2,0.05,0.02,2027,terminal_only_multi_pulse,1.4128027335972633,0.16308810790285894,False,True,1.4128027335972633,0.0,0.28,deterministic_low_rank_observability_audit,False,terminal-only low-dimensional inverse under strong priors and multi-pulse excitation,terminal-only data solve full 2D hidden-field recovery,qualified_supported
localized_hotspot,2,0.05,0.02,2027,terminal_plus_low_rank_prior,0.6911649044492814,0.11618651077731804,False,True,0.6911649044492814,0.0,0.52,deterministic_low_rank_observability_audit,False,this protocol is a negative observability-boundary result,2D hidden-field recovery is solved by this protocol,forbidden
localized_hotspot,2,0.05,0.02,2027,terminal_plus_sparse_anchors_1pct,0.5270822338248871,0.08989644112366299,False,True,0.5270822338248871,0.0,0.64,deterministic_low_rank_observability_audit,False,this protocol is a negative observability-boundary result,2D hidden-field recovery is solved by this protocol,forbidden
localized_hotspot,2,0.05,0.02,2027,terminal_plus_sparse_anchors_2pct,0.351388155883258,0.07191715289893039,False,True,0.351388155883258,0.0,0.74,deterministic_low_rank_observability_audit,False,this protocol is a negative observability-boundary result,2D hidden-field recovery is solved by this protocol,forbidden
localized_hotspot,2,0.05,0.02,2027,terminal_plus_sensitivity_anchors,0.18920900701406201,0.059930960749108655,False,True,0.18920900701406201,0.0,0.82,deterministic_low_rank_observability_audit,False,this protocol is a negative observability-boundary result,2D hidden-field recovery is solved by this protocol,forbidden
localized_hotspot,2,0.05,0.02,2027,terminal_plus_dense_anchors_5pct,0.1485037717787211,0.049888566157861025,True,True,0.1485037717787211,0.0,0.9,deterministic_low_rank_observability_audit,False,augmented low-rank 2D hidden-field reconstruction is protocol-limited and qualified,sparse terminal data uniquely recover full 2D hidden fields,qualified_supported
localized_hotspot,4,0.2,0.0,2026,terminal_only_single_pulse,1.4796106918801193,0.4034695996418831,False,True,1.4796106918801193,0.0,0.12,deterministic_low_rank_observability_audit,False,terminal-only observations define an observability boundary,terminal-only data solve 2D hidden-field recovery,failed_but_informative
localized_hotspot,4,0.2,0.0,2026,terminal_only_multi_pulse,1.0755569113683308,0.13838151010840186,False,True,1.0755569113683308,0.0,0.28,deterministic_low_rank_observability_audit,False,terminal-only low-dimensional inverse under strong priors and multi-pulse excitation,terminal-only data solve full 2D hidden-field recovery,qualified_supported
localized_hotspot,4,0.2,0.0,2026,terminal_plus_low_rank_prior,0.489379272815948,0.09169032364815283,False,True,0.489379272815948,0.0,0.52,deterministic_low_rank_observability_audit,False,this protocol is a negative observability-boundary result,2D hidden-field recovery is solved by this protocol,forbidden
localized_hotspot,4,0.2,0.0,2026,terminal_plus_sparse_anchors_1pct,0.3991185701301211,0.07586997810746057,False,True,0.3991185701301211,0.0,0.64,deterministic_low_rank_observability_audit,False,this protocol is a negative observability-boundary result,2D hidden-field recovery is solved by this protocol,forbidden
localized_hotspot,4,0.2,0.0,2026,terminal_plus_sparse_anchors_2pct,0.26607904675341404,0.06069598248596845,False,True,0.26607904675341404,0.0,0.74,deterministic_low_rank_observability_audit,False,this protocol is a negative observability-boundary result,2D hidden-field recovery is solved by this protocol,forbidden
localized_hotspot,4,0.2,0.0,2026,terminal_plus_sensitivity_anchors,0.14327333286722296,0.05057998540497371,True,True,0.14327333286722296,0.0,0.82,deterministic_low_rank_observability_audit,False,augmented low-rank 2D hidden-field reconstruction is protocol-limited and qualified,sparse terminal data uniquely recover full 2D hidden fields,qualified_supported
localized_hotspot,4,0.2,0.0,2026,terminal_plus_dense_anchors_5pct,0.11207398698289253,0.041963553993211854,True,True,0.11207398698289253,0.0,0.9,deterministic_low_rank_observability_audit,False,augmented low-rank 2D hidden-field reconstruction is protocol-limited and qualified,sparse terminal data uniquely recover full 2D hidden fields,qualified_supported
localized_hotspot,4,0.2,0.0,2027,terminal_only_single_pulse,1.4948614276093635,0.4062846900160495,False,True,1.4948614276093635,0.0,0.12,deterministic_low_rank_observability_audit,False,terminal-only observations define an observability boundary,terminal-only data solve 2D hidden-field recovery,failed_but_informative
localized_hotspot,4,0.2,0.0,2027,terminal_only_multi_pulse,1.0853055964859288,0.1391755280338481,False,True,1.0853055964859288,0.0,0.28,deterministic_low_rank_observability_audit,False,terminal-only low-dimensional inverse under strong priors and multi-pulse excitation,terminal-only data solve full 2D hidden-field recovery,qualified_supported
localized_hotspot,4,0.2,0.0,2027,terminal_plus_low_rank_prior,0.5131094197245546,0.09581954116925845,False,True,0.5131094197245546,0.0,0.52,deterministic_low_rank_observability_audit,False,this protocol is a negative observability-boundary result,2D hidden-field recovery is solved by this protocol,forbidden
localized_hotspot,4,0.2,0.0,2027,terminal_plus_sparse_anchors_1pct,0.3965856600284375,0.07514000079501272,False,True,0.3965856600284375,0.0,0.64,deterministic_low_rank_observability_audit,False,this protocol is a negative observability-boundary result,2D hidden-field recovery is solved by this protocol,forbidden
localized_hotspot,4,0.2,0.0,2027,terminal_plus_sparse_anchors_2pct,0.2643904400189583,0.06011200063601017,False,True,0.2643904400189583,0.0,0.74,deterministic_low_rank_observability_audit,False,this protocol is a negative observability-boundary result,2D hidden-field recovery is solved by this protocol,forbidden
localized_hotspot,4,0.2,0.0,2027,terminal_plus_sensitivity_anchors,0.1423640830871314,0.050093333863341805,True,True,0.1423640830871314,0.0,0.82,deterministic_low_rank_observability_audit,False,augmented low-rank 2D hidden-field reconstruction is protocol-limited and qualified,sparse terminal data uniquely recover full 2D hidden fields,qualified_supported
localized_hotspot,4,0.2,0.0,2027,terminal_plus_dense_anchors_5pct,0.11182303075193131,0.041731583494157454,True,True,0.11182303075193131,0.0,0.9,deterministic_low_rank_observability_audit,False,augmented low-rank 2D hidden-field reconstruction is protocol-limited and qualified,sparse terminal data uniquely recover full 2D hidden fields,qualified_supported
localized_hotspot,4,0.2,0.02,2026,terminal_only_single_pulse,1.5115320218121036,0.4282061286675462,False,True,1.5115320218121036,0.0,0.12,deterministic_low_rank_observability_audit,False,terminal-only observations define an observability boundary,terminal-only data solve 2D hidden-field recovery,failed_but_informative
localized_hotspot,4,0.2,0.02,2026,terminal_only_multi_pulse,1.0987611280023615,0.14686561459719077,False,True,1.0987611280023615,0.0,0.28,deterministic_low_rank_observability_audit,False,terminal-only low-dimensional inverse under strong priors and multi-pulse excitation,terminal-only data solve full 2D hidden-field recovery,qualified_supported
localized_hotspot,4,0.2,0.02,2026,terminal_plus_low_rank_prior,0.4999372103296208,0.0973118137289622,False,True,0.4999372103296208,0.0,0.52,deterministic_low_rank_observability_audit,False,this protocol is a negative observability-boundary result,2D hidden-field recovery is solved by this protocol,forbidden
localized_hotspot,4,0.2,0.02,2026,terminal_plus_sparse_anchors_1pct,0.4077292105026345,0.08052153033666798,False,True,0.4077292105026345,0.0,0.64,deterministic_low_rank_observability_audit,False,this protocol is a negative observability-boundary result,2D hidden-field recovery is solved by this protocol,forbidden
localized_hotspot,4,0.2,0.02,2026,terminal_plus_sparse_anchors_2pct,0.27181947366842296,0.06441722426933437,False,True,0.27181947366842296,0.0,0.74,deterministic_low_rank_observability_audit,False,this protocol is a negative observability-boundary result,2D hidden-field recovery is solved by this protocol,forbidden
localized_hotspot,4,0.2,0.02,2026,terminal_plus_sensitivity_anchors,0.14636433197530468,0.05368102022444531,True,True,0.14636433197530468,0.0,0.82,deterministic_low_rank_observability_audit,False,augmented low-rank 2D hidden-field reconstruction is protocol-limited and qualified,sparse terminal data uniquely recover full 2D hidden fields,qualified_supported
localized_hotspot,4,0.2,0.02,2026,terminal_plus_dense_anchors_5pct,0.1144918869986919,0.04453631950589091,True,True,0.1144918869986919,0.0,0.9,deterministic_low_rank_observability_audit,False,augmented low-rank 2D hidden-field reconstruction is protocol-limited and qualified,sparse terminal data uniquely recover full 2D hidden fields,qualified_supported
localized_hotspot,4,0.2,0.02,2027,terminal_only_single_pulse,1.5270054792252172,0.4311938108920335,False,True,1.5270054792252172,0.0,0.12,deterministic_low_rank_observability_audit,False,terminal-only observations define an observability boundary,terminal-only data solve 2D hidden-field recovery,failed_but_informative
localized_hotspot,4,0.2,0.02,2027,terminal_only_multi_pulse,1.1086429563696534,0.1477083133835424,False,True,1.1086429563696534,0.0,0.28,deterministic_low_rank_observability_audit,False,terminal-only low-dimensional inverse under strong priors and multi-pulse excitation,terminal-only data solve full 2D hidden-field recovery,qualified_supported
localized_hotspot,4,0.2,0.02,2027,terminal_plus_low_rank_prior,0.524142827482345,0.10169419160999274,False,True,0.524142827482345,0.0,0.52,deterministic_low_rank_observability_audit,False,this protocol is a negative observability-boundary result,2D hidden-field recovery is solved by this protocol,forbidden
localized_hotspot,4,0.2,0.02,2027,terminal_plus_sparse_anchors_1pct,0.40511345376945884,0.07974679846280218,False,True,0.40511345376945884,0.0,0.64,deterministic_low_rank_observability_audit,False,this protocol is a negative observability-boundary result,2D hidden-field recovery is solved by this protocol,forbidden
localized_hotspot,4,0.2,0.02,2027,terminal_plus_sparse_anchors_2pct,0.2700756358463059,0.06379743877024174,False,True,0.2700756358463059,0.0,0.74,deterministic_low_rank_observability_audit,False,this protocol is a negative observability-boundary result,2D hidden-field recovery is solved by this protocol,forbidden
localized_hotspot,4,0.2,0.02,2027,terminal_plus_sensitivity_anchors,0.1454253423787801,0.05316453230853479,True,True,0.1454253423787801,0.0,0.82,deterministic_low_rank_observability_audit,False,augmented low-rank 2D hidden-field reconstruction is protocol-limited and qualified,sparse terminal data uniquely recover full 2D hidden fields,qualified_supported
localized_hotspot,4,0.2,0.02,2027,terminal_plus_dense_anchors_5pct,0.11422756484849947,0.044290127006001635,True,True,0.11422756484849947,0.0,0.9,deterministic_low_rank_observability_audit,False,augmented low-rank 2D hidden-field reconstruction is protocol-limited and qualified,sparse terminal data uniquely recover full 2D hidden fields,qualified_supported
localized_hotspot,4,0.05,0.0,2026,terminal_only_single_pulse,1.6815302678644093,0.42893441305061636,False,True,1.6815302678644093,0.0,0.12,deterministic_low_rank_observability_audit,False,terminal-only observations define an observability boundary,terminal-only data solve 2D hidden-field recovery,failed_but_informative
localized_hotspot,4,0.05,0.0,2026,terminal_only_multi_pulse,1.291109764440237,0.1553927244455474,False,True,1.291109764440237,0.0,0.28,deterministic_low_rank_observability_audit,False,terminal-only low-dimensional inverse under strong priors and multi-pulse excitation,terminal-only data solve full 2D hidden-field recovery,qualified_supported
localized_hotspot,4,0.05,0.0,2026,terminal_plus_low_rank_prior,0.5915033962814439,0.1036711753295109,False,True,0.5915033962814439,0.0,0.52,deterministic_low_rank_observability_audit,False,this protocol is a negative observability-boundary result,2D hidden-field recovery is solved by this protocol,forbidden
localized_hotspot,4,0.05,0.0,2026,terminal_plus_sparse_anchors_1pct,0.43553985258691047,0.07744952680490973,False,True,0.43553985258691047,0.0,0.64,deterministic_low_rank_observability_audit,False,this protocol is a negative observability-boundary result,2D hidden-field recovery is solved by this protocol,forbidden
localized_hotspot,4,0.05,0.0,2026,terminal_plus_sparse_anchors_2pct,0.29035990172460696,0.061959621443927776,False,True,0.29035990172460696,0.0,0.74,deterministic_low_rank_observability_audit,False,this protocol is a negative observability-boundary result,2D hidden-field recovery is solved by this protocol,forbidden
localized_hotspot,4,0.05,0.0,2026,terminal_plus_sensitivity_anchors,0.156347639390173,0.05163301786993981,False,True,0.156347639390173,0.0,0.82,deterministic_low_rank_observability_audit,False,this protocol is a negative observability-boundary result,2D hidden-field recovery is solved by this protocol,forbidden
localized_hotspot,4,0.05,0.0,2026,terminal_plus_dense_anchors_5pct,0.1224854358569093,0.04290172330800724,True,True,0.1224854358569093,0.0,0.9,deterministic_low_rank_observability_audit,False,augmented low-rank 2D hidden-field reconstruction is protocol-limited and qualified,sparse terminal data uniquely recover full 2D hidden fields,qualified_supported
localized_hotspot,4,0.05,0.0,2027,terminal_only_single_pulse,1.6937912253725593,0.4310381042627015,False,True,1.6937912253725593,0.0,0.12,deterministic_low_rank_observability_audit,False,terminal-only observations define an observability boundary,terminal-only data solve 2D hidden-field recovery,failed_but_informative
localized_hotspot,4,0.05,0.0,2027,terminal_only_multi_pulse,1.1972773123073717,0.14375794371915357,False,True,1.1972773123073717,0.0,0.28,deterministic_low_rank_observability_audit,False,terminal-only low-dimensional inverse under strong priors and multi-pulse excitation,terminal-only data solve full 2D hidden-field recovery,qualified_supported
localized_hotspot,4,0.05,0.0,2027,terminal_plus_low_rank_prior,0.5857265416334554,0.10241540043618173,False,True,0.5857265416334554,0.0,0.52,deterministic_low_rank_observability_audit,False,this protocol is a negative observability-boundary result,2D hidden-field recovery is solved by this protocol,forbidden
localized_hotspot,4,0.05,0.0,2027,terminal_plus_sparse_anchors_1pct,0.4466749569998488,0.07924138485502166,False,True,0.4466749569998488,0.0,0.64,deterministic_low_rank_observability_audit,False,this protocol is a negative observability-boundary result,2D hidden-field recovery is solved by this protocol,forbidden
localized_hotspot,4,0.05,0.0,2027,terminal_plus_sparse_anchors_2pct,0.2977833046665659,0.06339310788401734,False,True,0.2977833046665659,0.0,0.74,deterministic_low_rank_observability_audit,False,this protocol is a negative observability-boundary result,2D hidden-field recovery is solved by this protocol,forbidden
localized_hotspot,4,0.05,0.0,2027,terminal_plus_sensitivity_anchors,0.1603448563589201,0.05282758990334777,False,True,0.1603448563589201,0.0,0.82,deterministic_low_rank_observability_audit,False,this protocol is a negative observability-boundary result,2D hidden-field recovery is solved by this protocol,forbidden
localized_hotspot,4,0.05,0.0,2027,terminal_plus_dense_anchors_5pct,0.1258492728776236,0.04397547913317431,True,True,0.1258492728776236,0.0,0.9,deterministic_low_rank_observability_audit,False,augmented low-rank 2D hidden-field reconstruction is protocol-limited and qualified,sparse terminal data uniquely recover full 2D hidden fields,qualified_supported
localized_hotspot,4,0.05,0.02,2026,terminal_only_single_pulse,1.7137407381476357,0.4538950031885901,False,True,1.7137407381476357,0.0,0.12,deterministic_low_rank_observability_audit,False,terminal-only observations define an observability boundary,terminal-only data solve 2D hidden-field recovery,failed_but_informative
localized_hotspot,4,0.05,0.02,2026,terminal_only_multi_pulse,1.3158415539861386,0.1644353519132826,False,True,1.3158415539861386,0.0,0.28,deterministic_low_rank_observability_audit,False,terminal-only low-dimensional inverse under strong priors and multi-pulse excitation,terminal-only data solve full 2D hidden-field recovery,qualified_supported
localized_hotspot,4,0.05,0.02,2026,terminal_plus_low_rank_prior,0.602833910475844,0.10970401773569148,False,True,0.602833910475844,0.0,0.52,deterministic_low_rank_observability_audit,False,this protocol is a negative observability-boundary result,2D hidden-field recovery is solved by this protocol,forbidden
localized_hotspot,4,0.05,0.02,2026,terminal_plus_sparse_anchors_1pct,0.4438828147964035,0.0819564766698282,False,True,0.4438828147964035,0.0,0.64,deterministic_low_rank_observability_audit,False,this protocol is a negative observability-boundary result,2D hidden-field recovery is solved by this protocol,forbidden
localized_hotspot,4,0.05,0.02,2026,terminal_plus_sparse_anchors_2pct,0.2959218765309357,0.06556518133586256,False,True,0.2959218765309357,0.0,0.74,deterministic_low_rank_observability_audit,False,this protocol is a negative observability-boundary result,2D hidden-field recovery is solved by this protocol,forbidden
localized_hotspot,4,0.05,0.02,2026,terminal_plus_sensitivity_anchors,0.15934254890127308,0.0546376511132188,False,True,0.15934254890127308,0.0,0.82,deterministic_low_rank_observability_audit,False,this protocol is a negative observability-boundary result,2D hidden-field recovery is solved by this protocol,forbidden
localized_hotspot,4,0.05,0.02,2026,terminal_plus_dense_anchors_5pct,0.12483169959488394,0.045398264268868685,True,True,0.12483169959488394,0.0,0.9,deterministic_low_rank_observability_audit,False,augmented low-rank 2D hidden-field reconstruction is protocol-limited and qualified,sparse terminal data uniquely recover full 2D hidden fields,qualified_supported
localized_hotspot,4,0.05,0.02,2027,terminal_only_single_pulse,1.7261596705843771,0.4561211125898531,False,True,1.7261596705843771,0.0,0.12,deterministic_low_rank_observability_audit,False,terminal-only observations define an observability boundary,terminal-only data solve 2D hidden-field recovery,failed_but_informative
localized_hotspot,4,0.05,0.02,2027,terminal_only_multi_pulse,1.2201573488232356,0.15212351897512688,False,True,1.2201573488232356,0.0,0.28,deterministic_low_rank_observability_audit,False,terminal-only low-dimensional inverse under strong priors and multi-pulse excitation,terminal-only data solve full 2D hidden-field recovery,qualified_supported
localized_hotspot,4,0.05,0.02,2027,terminal_plus_low_rank_prior,0.5969198086595021,0.10837516667625334,False,True,0.5969198086595021,0.0,0.52,deterministic_low_rank_observability_audit,False,this protocol is a negative observability-boundary result,2D hidden-field recovery is solved by this protocol,forbidden
localized_hotspot,4,0.05,0.02,2027,terminal_plus_sparse_anchors_1pct,0.4552109404531582,0.08385260668556813,False,True,0.4552109404531582,0.0,0.64,deterministic_low_rank_observability_audit,False,this protocol is a negative observability-boundary result,2D hidden-field recovery is solved by this protocol,forbidden
localized_hotspot,4,0.05,0.02,2027,terminal_plus_sparse_anchors_2pct,0.30347396030210544,0.0670820853484545,False,True,0.30347396030210544,0.0,0.74,deterministic_low_rank_observability_audit,False,this protocol is a negative observability-boundary result,2D hidden-field recovery is solved by this protocol,forbidden
localized_hotspot,4,0.05,0.02,2027,terminal_plus_sensitivity_anchors,0.16340905554728755,0.05590173779037875,False,True,0.16340905554728755,0.0,0.82,deterministic_low_rank_observability_audit,False,this protocol is a negative observability-boundary result,2D hidden-field recovery is solved by this protocol,forbidden
localized_hotspot,4,0.05,0.02,2027,terminal_plus_dense_anchors_5pct,0.12825425953304237,0.04653450419007655,True,True,0.12825425953304237,0.0,0.9,deterministic_low_rank_observability_audit,False,augmented low-rank 2D hidden-field reconstruction is protocol-limited and qualified,sparse terminal data uniquely recover full 2D hidden fields,qualified_supported
