category,left,right,x_index,x_m,lag_steps,correlation
terminal_to_field,V,mean_delta_T,,,,-0.04585617707997714
terminal_to_field,V,max_delta_T,,,,-0.04585616576249772
terminal_to_field,V,mean_delta_c_v,,,,0.01601145852302686
terminal_to_field,V,max_abs_delta_c_v,,,,0.022367692473100862
terminal_to_field,V,mean_m,,,,-0.19552996578413145
terminal_to_field,V,mean_sigma,,,,-0.2678723597039921
terminal_to_field,I,mean_delta_T,,,,-0.2531362615431085
terminal_to_field,I,max_delta_T,,,,-0.25313633198480945
terminal_to_field,I,mean_delta_c_v,,,,0.2549359716554792
terminal_to_field,I,max_abs_delta_c_v,,,,-0.22007093811931358
terminal_to_field,I,mean_m,,,,-0.39261499135006156
terminal_to_field,I,mean_sigma,,,,-0.469403953689254
terminal_to_field,G,mean_delta_T,,,,0.9549574996859841
terminal_to_field,G,max_delta_T,,,,0.9549574289516599
terminal_to_field,G,mean_delta_c_v,,,,-0.9581640749145087
terminal_to_field,G,max_abs_delta_c_v,,,,0.9473551593678594
terminal_to_field,G,mean_m,,,,0.9953127170309772
terminal_to_field,G,mean_sigma,,,,0.9999966158284996
hidden_to_hidden,delta_T,sigma,,,,0.6988542299422462
hidden_to_hidden,c_v,sigma,,,,0.3216744579750865
hidden_to_hidden,delta_c_v,sigma,,,,-0.49255846850127327
hidden_to_hidden,m,sigma,,,,0.8241268575488281
hidden_to_hidden,delta_T,m,,,,0.8541353336498209
hidden_to_hidden,c_v,m,,,,0.44175184060613176
spatial_sensitivity_to_G,G,delta_T,0,1.6129032258064515e-09,,0.9549574289516599
spatial_sensitivity_to_G,G,delta_T,1,4.8387096774193544e-09,,0.9549574305957416
spatial_sensitivity_to_G,G,delta_T,2,8.064516129032257e-09,,0.9549574338878488
spatial_sensitivity_to_G,G,delta_T,3,1.129032258064516e-08,,0.954957438824117
spatial_sensitivity_to_G,G,delta_T,4,1.4516129032258064e-08,,0.9549574453517219
spatial_sensitivity_to_G,G,delta_T,5,1.7741935483870966e-08,,0.9549574533350519
spatial_sensitivity_to_G,G,delta_T,6,2.096774193548387e-08,,0.9549574625666803
spatial_sensitivity_to_G,G,delta_T,7,2.4193548387096773e-08,,0.9549574702192121
spatial_sensitivity_to_G,G,delta_T,8,2.7419354838709676e-08,,0.9549574760328003
spatial_sensitivity_to_G,G,delta_T,9,3.064516129032258e-08,,0.9549574815791213
spatial_sensitivity_to_G,G,delta_T,10,3.387096774193548e-08,,0.9549574868829935
spatial_sensitivity_to_G,G,delta_T,11,3.7096774193548384e-08,,0.9549574919677626
spatial_sensitivity_to_G,G,delta_T,12,4.032258064516129e-08,,0.9549574968412384
spatial_sensitivity_to_G,G,delta_T,13,4.354838709677419e-08,,0.9549575014955388
spatial_sensitivity_to_G,G,delta_T,14,4.6774193548387094e-08,,0.9549575059163806
spatial_sensitivity_to_G,G,delta_T,15,5e-08,,0.9549575100911055
spatial_sensitivity_to_G,G,delta_T,16,5.32258064516129e-08,,0.9549575140115107
spatial_sensitivity_to_G,G,delta_T,17,5.6451612903225805e-08,,0.9549575176732721
spatial_sensitivity_to_G,G,delta_T,18,5.967741935483871e-08,,0.9549575210744526
spatial_sensitivity_to_G,G,delta_T,19,6.290322580645161e-08,,0.9549575242142969
spatial_sensitivity_to_G,G,delta_T,20,6.612903225806452e-08,,0.9549575270925488
spatial_sensitivity_to_G,G,delta_T,21,6.935483870967742e-08,,0.9549575297091317
spatial_sensitivity_to_G,G,delta_T,22,7.258064516129032e-08,,0.9549575320640233
spatial_sensitivity_to_G,G,delta_T,23,7.580645161290323e-08,,0.9549575341572216
spatial_sensitivity_to_G,G,delta_T,24,7.903225806451613e-08,,0.9549575359887241
spatial_sensitivity_to_G,G,delta_T,25,8.225806451612903e-08,,0.9549575375585311
spatial_sensitivity_to_G,G,delta_T,26,8.548387096774194e-08,,0.9549575388666419
spatial_sensitivity_to_G,G,delta_T,27,8.870967741935484e-08,,0.9549575399130572
spatial_sensitivity_to_G,G,delta_T,28,9.193548387096774e-08,,0.9549575406977776
spatial_sensitivity_to_G,G,delta_T,29,9.516129032258065e-08,,0.9549575412208012
spatial_sensitivity_to_G,G,delta_T,30,9.838709677419355e-08,,0.9549575414821615
spatial_sensitivity_to_G,G,delta_c_v,0,1.6129032258064515e-09,,0.9565957080879663
spatial_sensitivity_to_G,G,delta_c_v,1,4.8387096774193544e-09,,0.9613825739139845
spatial_sensitivity_to_G,G,delta_c_v,2,8.064516129032257e-09,,0.9556175800990572
spatial_sensitivity_to_G,G,delta_c_v,3,1.129032258064516e-08,,0.9478981872206603
spatial_sensitivity_to_G,G,delta_c_v,4,1.4516129032258064e-08,,0.34267266557345805
spatial_sensitivity_to_G,G,delta_c_v,5,1.7741935483870966e-08,,-0.960903458203272
spatial_sensitivity_to_G,G,delta_c_v,6,2.096774193548387e-08,,-0.9473551593678594
spatial_sensitivity_to_G,G,delta_c_v,7,2.4193548387096773e-08,,-0.9597130828910122
spatial_sensitivity_to_G,G,delta_c_v,8,2.7419354838709676e-08,,-0.9611614392734162
spatial_sensitivity_to_G,G,delta_c_v,9,3.064516129032258e-08,,-0.9593209211323731
spatial_sensitivity_to_G,G,delta_c_v,10,3.387096774193548e-08,,-0.9605029014779441
spatial_sensitivity_to_G,G,delta_c_v,11,3.7096774193548384e-08,,0.9457187690531758
spatial_sensitivity_to_G,G,delta_c_v,12,4.032258064516129e-08,,0.9578626667150483
spatial_sensitivity_to_G,G,delta_c_v,13,4.354838709677419e-08,,0.9595942308942441
spatial_sensitivity_to_G,G,delta_c_v,14,4.6774193548387094e-08,,0.9610271172993466
spatial_sensitivity_to_G,G,delta_c_v,15,5e-08,,0.962518172417789
spatial_sensitivity_to_G,G,delta_c_v,16,5.32258064516129e-08,,0.9641436261036243
spatial_sensitivity_to_G,G,delta_c_v,17,5.6451612903225805e-08,,0.9659239644901845
spatial_sensitivity_to_G,G,delta_c_v,18,5.967741935483871e-08,,0.9678583670059644
spatial_sensitivity_to_G,G,delta_c_v,19,6.290322580645161e-08,,0.9699320509811289
spatial_sensitivity_to_G,G,delta_c_v,20,6.612903225806452e-08,,0.972116933877764
spatial_sensitivity_to_G,G,delta_c_v,21,6.935483870967742e-08,,0.9743699440359215
spatial_sensitivity_to_G,G,delta_c_v,22,7.258064516129032e-08,,0.9766302667616531
spatial_sensitivity_to_G,G,delta_c_v,23,7.580645161290323e-08,,0.9788159269309816
spatial_sensitivity_to_G,G,delta_c_v,24,7.903225806451613e-08,,0.9808101901374721
spatial_sensitivity_to_G,G,delta_c_v,25,8.225806451612903e-08,,0.9807384526256918
spatial_sensitivity_to_G,G,delta_c_v,26,8.548387096774194e-08,,-0.9448844242328381
spatial_sensitivity_to_G,G,delta_c_v,27,8.870967741935484e-08,,-0.9888456857766619
spatial_sensitivity_to_G,G,delta_c_v,28,9.193548387096774e-08,,-0.7805142160067562
spatial_sensitivity_to_G,G,delta_c_v,29,9.516129032258065e-08,,0.6749111822928823
spatial_sensitivity_to_G,G,delta_c_v,30,9.838709677419355e-08,,0.7640237884978948
spatial_sensitivity_to_G,G,m,0,1.6129032258064515e-09,,0.9958147029486689
spatial_sensitivity_to_G,G,m,1,4.8387096774193544e-09,,0.9957489443385394
spatial_sensitivity_to_G,G,m,2,8.064516129032257e-09,,0.9956097640460758
spatial_sensitivity_to_G,G,m,3,1.129032258064516e-08,,0.9953509033262067
spatial_sensitivity_to_G,G,m,4,1.4516129032258064e-08,,0.9949454807028859
spatial_sensitivity_to_G,G,m,5,1.7741935483870966e-08,,0.9944413010767573
spatial_sensitivity_to_G,G,m,6,2.096774193548387e-08,,0.9940563073751897
spatial_sensitivity_to_G,G,m,7,2.4193548387096773e-08,,0.9937825748342686
spatial_sensitivity_to_G,G,m,8,2.7419354838709676e-08,,0.9939254894438143
spatial_sensitivity_to_G,G,m,9,3.064516129032258e-08,,0.9942872286627573
spatial_sensitivity_to_G,G,m,10,3.387096774193548e-08,,0.9947402370838131
spatial_sensitivity_to_G,G,m,11,3.7096774193548384e-08,,0.9951509419991583
spatial_sensitivity_to_G,G,m,12,4.032258064516129e-08,,0.9954439577389018
spatial_sensitivity_to_G,G,m,13,4.354838709677419e-08,,0.9956156529188177
spatial_sensitivity_to_G,G,m,14,4.6774193548387094e-08,,0.9956989472253058
spatial_sensitivity_to_G,G,m,15,5e-08,,0.9957316455169878
spatial_sensitivity_to_G,G,m,16,5.32258064516129e-08,,0.9957412623643264
spatial_sensitivity_to_G,G,m,17,5.6451612903225805e-08,,0.9957427806024255
spatial_sensitivity_to_G,G,m,18,5.967741935483871e-08,,0.9957424078854693
spatial_sensitivity_to_G,G,m,19,6.290322580645161e-08,,0.9957419809339899
spatial_sensitivity_to_G,G,m,20,6.612903225806452e-08,,0.9957417699190779
spatial_sensitivity_to_G,G,m,21,6.935483870967742e-08,,0.9957416938963519
spatial_sensitivity_to_G,G,m,22,7.258064516129032e-08,,0.9957416719574339
spatial_sensitivity_to_G,G,m,23,7.580645161290323e-08,,0.9957416668614594
spatial_sensitivity_to_G,G,m,24,7.903225806451613e-08,,0.995741666070318
spatial_sensitivity_to_G,G,m,25,8.225806451612903e-08,,0.995741666174358
spatial_sensitivity_to_G,G,m,26,8.548387096774194e-08,,0.9957416662848253
spatial_sensitivity_to_G,G,m,27,8.870967741935484e-08,,0.9957416650597913
spatial_sensitivity_to_G,G,m,28,9.193548387096774e-08,,0.9957416745621035
spatial_sensitivity_to_G,G,m,29,9.516129032258065e-08,,0.9957422763061824
spatial_sensitivity_to_G,G,m,30,9.838709677419355e-08,,0.9957425158593838
spatial_sensitivity_to_G,G,sigma,0,1.6129032258064515e-09,,0.9998430594071605
spatial_sensitivity_to_G,G,sigma,1,4.8387096774193544e-09,,0.9998183585707878
spatial_sensitivity_to_G,G,sigma,2,8.064516129032257e-09,,0.9997506707906546
spatial_sensitivity_to_G,G,sigma,3,1.129032258064516e-08,,0.9996485259723976
spatial_sensitivity_to_G,G,sigma,4,1.4516129032258064e-08,,0.9995292791019849
spatial_sensitivity_to_G,G,sigma,5,1.7741935483870966e-08,,0.9994237726690922
spatial_sensitivity_to_G,G,sigma,6,2.096774193548387e-08,,0.9993352596865317
spatial_sensitivity_to_G,G,sigma,7,2.4193548387096773e-08,,0.9999187999186955
spatial_sensitivity_to_G,G,sigma,8,2.7419354838709676e-08,,0.9999069153094529
spatial_sensitivity_to_G,G,sigma,9,3.064516129032258e-08,,0.9999375119856713
spatial_sensitivity_to_G,G,sigma,10,3.387096774193548e-08,,0.9999766866230029
spatial_sensitivity_to_G,G,sigma,11,3.7096774193548384e-08,,0.9999980973748842
spatial_sensitivity_to_G,G,sigma,12,4.032258064516129e-08,,0.9999956146850659
spatial_sensitivity_to_G,G,sigma,13,4.354838709677419e-08,,0.9999795113179358
spatial_sensitivity_to_G,G,sigma,14,4.6774193548387094e-08,,0.9999622707609778
spatial_sensitivity_to_G,G,sigma,15,5e-08,,0.9999500499808907
spatial_sensitivity_to_G,G,sigma,16,5.32258064516129e-08,,0.9999432771322287
spatial_sensitivity_to_G,G,sigma,17,5.6451612903225805e-08,,0.9999401528625173
spatial_sensitivity_to_G,G,sigma,18,5.967741935483871e-08,,0.9999389158464272
spatial_sensitivity_to_G,G,sigma,19,6.290322580645161e-08,,0.9999384885656745
spatial_sensitivity_to_G,G,sigma,20,6.612903225806452e-08,,0.9999383587318692
spatial_sensitivity_to_G,G,sigma,21,6.935483870967742e-08,,0.9999383239102277
spatial_sensitivity_to_G,G,sigma,22,7.258064516129032e-08,,0.9999383156876059
spatial_sensitivity_to_G,G,sigma,23,7.580645161290323e-08,,0.9999383140158113
spatial_sensitivity_to_G,G,sigma,24,7.903225806451613e-08,,0.9999383137620358
spatial_sensitivity_to_G,G,sigma,25,8.225806451612903e-08,,0.9999383137717579
spatial_sensitivity_to_G,G,sigma,26,8.548387096774194e-08,,0.9999383137966856
spatial_sensitivity_to_G,G,sigma,27,8.870967741935484e-08,,0.999938313563245
spatial_sensitivity_to_G,G,sigma,28,9.193548387096774e-08,,0.9999383144432826
spatial_sensitivity_to_G,G,sigma,29,9.516129032258065e-08,,0.9999384112650681
spatial_sensitivity_to_G,G,sigma,30,9.838709677419355e-08,,0.999938491046008
lag_correlation_to_G,G,mean_delta_T,,,-40,0.870394553054846
lag_correlation_to_G,G,mean_delta_T,,,-39,0.8726193701289857
lag_correlation_to_G,G,mean_delta_T,,,-38,0.8748627294697126
lag_correlation_to_G,G,mean_delta_T,,,-37,0.8771236232677602
lag_correlation_to_G,G,mean_delta_T,,,-36,0.8794009897482101
lag_correlation_to_G,G,mean_delta_T,,,-35,0.881693707547463
lag_correlation_to_G,G,mean_delta_T,,,-34,0.8840005947986499
lag_correlation_to_G,G,mean_delta_T,,,-33,0.8863203957438858
lag_correlation_to_G,G,mean_delta_T,,,-32,0.8886517863524809
lag_correlation_to_G,G,mean_delta_T,,,-31,0.8909933714185534
lag_correlation_to_G,G,mean_delta_T,,,-30,0.8933436765349099
lag_correlation_to_G,G,mean_delta_T,,,-29,0.8957011399333956
lag_correlation_to_G,G,mean_delta_T,,,-28,0.8980641089583872
lag_correlation_to_G,G,mean_delta_T,,,-27,0.9004308253800721
lag_correlation_to_G,G,mean_delta_T,,,-26,0.9027994255217565
lag_correlation_to_G,G,mean_delta_T,,,-25,0.9051679396487545
lag_correlation_to_G,G,mean_delta_T,,,-24,0.9075342800636144
lag_correlation_to_G,G,mean_delta_T,,,-23,0.909896229025571
lag_correlation_to_G,G,mean_delta_T,,,-22,0.9122514280602525
lag_correlation_to_G,G,mean_delta_T,,,-21,0.9145973680801641
lag_correlation_to_G,G,mean_delta_T,,,-20,0.9169313816519219
lag_correlation_to_G,G,mean_delta_T,,,-19,0.9192506352828993
lag_correlation_to_G,G,mean_delta_T,,,-18,0.9215521124819318
lag_correlation_to_G,G,mean_delta_T,,,-17,0.9238326001604926
lag_correlation_to_G,G,mean_delta_T,,,-16,0.9260886686897771
lag_correlation_to_G,G,mean_delta_T,,,-15,0.9283166667179505
lag_correlation_to_G,G,mean_delta_T,,,-14,0.930512702284767
lag_correlation_to_G,G,mean_delta_T,,,-13,0.9326726203067683
lag_correlation_to_G,G,mean_delta_T,,,-12,0.9347919843822725
lag_correlation_to_G,G,mean_delta_T,,,-11,0.9368660510912244
lag_correlation_to_G,G,mean_delta_T,,,-10,0.9388897592620842
lag_correlation_to_G,G,mean_delta_T,,,-9,0.9408576997563207
lag_correlation_to_G,G,mean_delta_T,,,-8,0.942764087525263
lag_correlation_to_G,G,mean_delta_T,,,-7,0.9446027303638734
lag_correlation_to_G,G,mean_delta_T,,,-6,0.9463670069099619
lag_correlation_to_G,G,mean_delta_T,,,-5,0.9480498356234848
lag_correlation_to_G,G,mean_delta_T,,,-4,0.9496436365153222
lag_correlation_to_G,G,mean_delta_T,,,-3,0.9511402958730213
lag_correlation_to_G,G,mean_delta_T,,,-2,0.9525311295130441
lag_correlation_to_G,G,mean_delta_T,,,-1,0.9538068453080438
lag_correlation_to_G,G,mean_delta_T,,,0,0.9549574996859841
lag_correlation_to_G,G,mean_delta_T,,,1,0.9554661402941773
lag_correlation_to_G,G,mean_delta_T,,,2,0.9559440947769057
lag_correlation_to_G,G,mean_delta_T,,,3,0.9563935634628195
lag_correlation_to_G,G,mean_delta_T,,,4,0.956816622382664
lag_correlation_to_G,G,mean_delta_T,,,5,0.9572152293290914
lag_correlation_to_G,G,mean_delta_T,,,6,0.9575912165634904
lag_correlation_to_G,G,mean_delta_T,,,7,0.9579462925336132
lag_correlation_to_G,G,mean_delta_T,,,8,0.9582820433417457
lag_correlation_to_G,G,mean_delta_T,,,9,0.9585999407363076
lag_correlation_to_G,G,mean_delta_T,,,10,0.9589013414613811
lag_correlation_to_G,G,mean_delta_T,,,11,0.9591874786960212
lag_correlation_to_G,G,mean_delta_T,,,12,0.9594594695365873
lag_correlation_to_G,G,mean_delta_T,,,13,0.9597183193596327
lag_correlation_to_G,G,mean_delta_T,,,14,0.9599649307781558
lag_correlation_to_G,G,mean_delta_T,,,15,0.9602000922235339
lag_correlation_to_G,G,mean_delta_T,,,16,0.9604244863741382
lag_correlation_to_G,G,mean_delta_T,,,17,0.960638691664147
lag_correlation_to_G,G,mean_delta_T,,,18,0.9608431897699585
lag_correlation_to_G,G,mean_delta_T,,,19,0.9610383710655529
lag_correlation_to_G,G,mean_delta_T,,,20,0.9612245270774684
lag_correlation_to_G,G,mean_delta_T,,,21,0.9614018599076187
lag_correlation_to_G,G,mean_delta_T,,,22,0.9615704859197145
lag_correlation_to_G,G,mean_delta_T,,,23,0.9617304439644766
lag_correlation_to_G,G,mean_delta_T,,,24,0.9618816954735077
lag_correlation_to_G,G,mean_delta_T,,,25,0.9620241249191344
lag_correlation_to_G,G,mean_delta_T,,,26,0.9621575445200884
lag_correlation_to_G,G,mean_delta_T,,,27,0.9622816996827562
lag_correlation_to_G,G,mean_delta_T,,,28,0.9623962765062735
lag_correlation_to_G,G,mean_delta_T,,,29,0.9625009097145453
lag_correlation_to_G,G,mean_delta_T,,,30,0.9625951802288538
lag_correlation_to_G,G,mean_delta_T,,,31,0.9626786120001353
lag_correlation_to_G,G,mean_delta_T,,,32,0.9627506848431556
lag_correlation_to_G,G,mean_delta_T,,,33,0.9628108363200505
lag_correlation_to_G,G,mean_delta_T,,,34,0.9628584682761778
lag_correlation_to_G,G,mean_delta_T,,,35,0.9628929535556469
lag_correlation_to_G,G,mean_delta_T,,,36,0.9629136380228912
lag_correlation_to_G,G,mean_delta_T,,,37,0.9629198348385506
lag_correlation_to_G,G,mean_delta_T,,,38,0.9629108367501183
lag_correlation_to_G,G,mean_delta_T,,,39,0.962885917690642
lag_correlation_to_G,G,mean_delta_T,,,40,0.9628443382109741
lag_correlation_to_G,G,mean_delta_c_v,,,-40,-0.949537871082613
lag_correlation_to_G,G,mean_delta_c_v,,,-39,-0.9499919301399258
lag_correlation_to_G,G,mean_delta_c_v,,,-38,-0.950440350946554
lag_correlation_to_G,G,mean_delta_c_v,,,-37,-0.9508832180280354
lag_correlation_to_G,G,mean_delta_c_v,,,-36,-0.9513205961033421
lag_correlation_to_G,G,mean_delta_c_v,,,-35,-0.9517525263547557
lag_correlation_to_G,G,mean_delta_c_v,,,-34,-0.9521790225224694
lag_correlation_to_G,G,mean_delta_c_v,,,-33,-0.9526000665437475
lag_correlation_to_G,G,mean_delta_c_v,,,-32,-0.9530156041097035
lag_correlation_to_G,G,mean_delta_c_v,,,-31,-0.9534255395908457
lag_correlation_to_G,G,mean_delta_c_v,,,-30,-0.9538297305657681
lag_correlation_to_G,G,mean_delta_c_v,,,-29,-0.9542279820305567
lag_correlation_to_G,G,mean_delta_c_v,,,-28,-0.9546200400461903
lag_correlation_to_G,G,mean_delta_c_v,,,-27,-0.9550055854457089
lag_correlation_to_G,G,mean_delta_c_v,,,-26,-0.9553842264145155
lag_correlation_to_G,G,mean_delta_c_v,,,-25,-0.955755489999682
lag_correlation_to_G,G,mean_delta_c_v,,,-24,-0.9561188135848241
lag_correlation_to_G,G,mean_delta_c_v,,,-23,-0.956473535939157
lag_correlation_to_G,G,mean_delta_c_v,,,-22,-0.9568188875872621
lag_correlation_to_G,G,mean_delta_c_v,,,-21,-0.9571539803435152
lag_correlation_to_G,G,mean_delta_c_v,,,-20,-0.957477795398746
lag_correlation_to_G,G,mean_delta_c_v,,,-19,-0.957789169788956
lag_correlation_to_G,G,mean_delta_c_v,,,-18,-0.9580867835901945
lag_correlation_to_G,G,mean_delta_c_v,,,-17,-0.9583691453822897
lag_correlation_to_G,G,mean_delta_c_v,,,-16,-0.9586345788257773
lag_correlation_to_G,G,mean_delta_c_v,,,-15,-0.9588812023161252
lag_correlation_to_G,G,mean_delta_c_v,,,-14,-0.9591069106252141
lag_correlation_to_G,G,mean_delta_c_v,,,-13,-0.9593093570407143
lag_correlation_to_G,G,mean_delta_c_v,,,-12,-0.9594859317179444
lag_correlation_to_G,G,mean_delta_c_v,,,-11,-0.9596337431311786
lag_correlation_to_G,G,mean_delta_c_v,,,-10,-0.9597495851580018
lag_correlation_to_G,G,mean_delta_c_v,,,-9,-0.95982991374874
lag_correlation_to_G,G,mean_delta_c_v,,,-8,-0.9598708199980647
lag_correlation_to_G,G,mean_delta_c_v,,,-7,-0.9598680071298997
lag_correlation_to_G,G,mean_delta_c_v,,,-6,-0.9598167498603035
lag_correlation_to_G,G,mean_delta_c_v,,,-5,-0.9597118551065572
lag_correlation_to_G,G,mean_delta_c_v,,,-4,-0.9595476323329303
lag_correlation_to_G,G,mean_delta_c_v,,,-3,-0.9593178570466497
lag_correlation_to_G,G,mean_delta_c_v,,,-2,-0.9590157340670517
lag_correlation_to_G,G,mean_delta_c_v,,,-1,-0.958633837611636
lag_correlation_to_G,G,mean_delta_c_v,,,0,-0.9581640749145087
lag_correlation_to_G,G,mean_delta_c_v,,,1,-0.9583080331516689
lag_correlation_to_G,G,mean_delta_c_v,,,2,-0.9584505171397085
lag_correlation_to_G,G,mean_delta_c_v,,,3,-0.9585916874761552
lag_correlation_to_G,G,mean_delta_c_v,,,4,-0.9587317010540861
lag_correlation_to_G,G,mean_delta_c_v,,,5,-0.9588707107486698
lag_correlation_to_G,G,mean_delta_c_v,,,6,-0.9590088657406666
lag_correlation_to_G,G,mean_delta_c_v,,,7,-0.9591463117632484
lag_correlation_to_G,G,mean_delta_c_v,,,8,-0.9592831911334907
lag_correlation_to_G,G,mean_delta_c_v,,,9,-0.9594196428295655
lag_correlation_to_G,G,mean_delta_c_v,,,10,-0.9595558024725281
lag_correlation_to_G,G,mean_delta_c_v,,,11,-0.9596918024327256
lag_correlation_to_G,G,mean_delta_c_v,,,12,-0.9598277715828017
lag_correlation_to_G,G,mean_delta_c_v,,,13,-0.9599638358720409
lag_correlation_to_G,G,mean_delta_c_v,,,14,-0.9601001183422972
lag_correlation_to_G,G,mean_delta_c_v,,,15,-0.9602367389510572
lag_correlation_to_G,G,mean_delta_c_v,,,16,-0.9603738145690408
lag_correlation_to_G,G,mean_delta_c_v,,,17,-0.9605114590859686
lag_correlation_to_G,G,mean_delta_c_v,,,18,-0.9606497831690406
lag_correlation_to_G,G,mean_delta_c_v,,,19,-0.9607888945632271
lag_correlation_to_G,G,mean_delta_c_v,,,20,-0.9609288981481394
lag_correlation_to_G,G,mean_delta_c_v,,,21,-0.9610698958947871
lag_correlation_to_G,G,mean_delta_c_v,,,22,-0.9612119867645846
lag_correlation_to_G,G,mean_delta_c_v,,,23,-0.9613552666526151
lag_correlation_to_G,G,mean_delta_c_v,,,24,-0.9614998285187069
lag_correlation_to_G,G,mean_delta_c_v,,,25,-0.9616457618652359
lag_correlation_to_G,G,mean_delta_c_v,,,26,-0.961793153326204
lag_correlation_to_G,G,mean_delta_c_v,,,27,-0.9619420865548487
lag_correlation_to_G,G,mean_delta_c_v,,,28,-0.9620926421175576
lag_correlation_to_G,G,mean_delta_c_v,,,29,-0.9622448973818019
lag_correlation_to_G,G,mean_delta_c_v,,,30,-0.9623989265305692
lag_correlation_to_G,G,mean_delta_c_v,,,31,-0.96255480013521
lag_correlation_to_G,G,mean_delta_c_v,,,32,-0.9627125854835958
lag_correlation_to_G,G,mean_delta_c_v,,,33,-0.9628723466995985
lag_correlation_to_G,G,mean_delta_c_v,,,34,-0.9630341446126587
lag_correlation_to_G,G,mean_delta_c_v,,,35,-0.9631980366228003
lag_correlation_to_G,G,mean_delta_c_v,,,36,-0.9633640765372925
lag_correlation_to_G,G,mean_delta_c_v,,,37,-0.9635323146802429
lag_correlation_to_G,G,mean_delta_c_v,,,38,-0.9637027973234207
lag_correlation_to_G,G,mean_delta_c_v,,,39,-0.9638755673472787
lag_correlation_to_G,G,mean_delta_c_v,,,40,-0.9640506641000847
lag_correlation_to_G,G,mean_m,,,-40,0.9678132454200854
lag_correlation_to_G,G,mean_m,,,-39,0.9691822908554636
lag_correlation_to_G,G,mean_m,,,-38,0.9705259290077489
lag_correlation_to_G,G,mean_m,,,-37,0.9718437324711239
lag_correlation_to_G,G,mean_m,,,-36,0.9731352762569919
lag_correlation_to_G,G,mean_m,,,-35,0.9744001344407255
lag_correlation_to_G,G,mean_m,,,-34,0.9756378785873034
lag_correlation_to_G,G,mean_m,,,-33,0.9768480711649662
lag_correlation_to_G,G,mean_m,,,-32,0.9780302656996445
lag_correlation_to_G,G,mean_m,,,-31,0.97918400338677
lag_correlation_to_G,G,mean_m,,,-30,0.9803088076700555
lag_correlation_to_G,G,mean_m,,,-29,0.9814041785861959
lag_correlation_to_G,G,mean_m,,,-28,0.9824695884456403
lag_correlation_to_G,G,mean_m,,,-27,0.9835044737619894
lag_correlation_to_G,G,mean_m,,,-26,0.9845082313307693
lag_correlation_to_G,G,mean_m,,,-25,0.9854802134420347
lag_correlation_to_G,G,mean_m,,,-24,0.9864197190230278
lag_correlation_to_G,G,mean_m,,,-23,0.9873259844736938
lag_correlation_to_G,G,mean_m,,,-22,0.9881981745659897
lag_correlation_to_G,G,mean_m,,,-21,0.9890353734061559
lag_correlation_to_G,G,mean_m,,,-20,0.9898365747073966
lag_correlation_to_G,G,mean_m,,,-19,0.9906006712832961
lag_correlation_to_G,G,mean_m,,,-18,0.9913264416122619
lag_correlation_to_G,G,mean_m,,,-17,0.9920125364821294
lag_correlation_to_G,G,mean_m,,,-16,0.9926574641071391
lag_correlation_to_G,G,mean_m,,,-15,0.9932595761820129
lag_correlation_to_G,G,mean_m,,,-14,0.9938170503263097
lag_correlation_to_G,G,mean_m,,,-13,0.9943278712582382
lag_correlation_to_G,G,mean_m,,,-12,0.994789811323268
lag_correlation_to_G,G,mean_m,,,-11,0.9952004101658045
lag_correlation_to_G,G,mean_m,,,-10,0.9955569506812821
lag_correlation_to_G,G,mean_m,,,-9,0.9958564338717796
lag_correlation_to_G,G,mean_m,,,-8,0.9960955527004494
lag_correlation_to_G,G,mean_m,,,-7,0.9962706665583495
lag_correlation_to_G,G,mean_m,,,-6,0.9963777683896191
lag_correlation_to_G,G,mean_m,,,-5,0.9964124490525389
lag_correlation_to_G,G,mean_m,,,-4,0.9963698649222104
lag_correlation_to_G,G,mean_m,,,-3,0.9962447022655148
lag_correlation_to_G,G,mean_m,,,-2,0.9960311410088742
lag_correlation_to_G,G,mean_m,,,-1,0.9957228039066409
lag_correlation_to_G,G,mean_m,,,0,0.9953127170309772
lag_correlation_to_G,G,mean_m,,,1,0.9951141468034805
lag_correlation_to_G,G,mean_m,,,2,0.99489494440617
lag_correlation_to_G,G,mean_m,,,3,0.994656194551589
lag_correlation_to_G,G,mean_m,,,4,0.9943988395144691
lag_correlation_to_G,G,mean_m,,,5,0.9941236963258879
lag_correlation_to_G,G,mean_m,,,6,0.9938314591868697
lag_correlation_to_G,G,mean_m,,,7,0.9935227110671473
lag_correlation_to_G,G,mean_m,,,8,0.9931979344823368
lag_correlation_to_G,G,mean_m,,,9,0.9928575271749774
lag_correlation_to_G,G,mean_m,,,10,0.9925018085083248
lag_correlation_to_G,G,mean_m,,,11,0.9921310187053902
lag_correlation_to_G,G,mean_m,,,12,0.9917453323066722
lag_correlation_to_G,G,mean_m,,,13,0.9913448672955364
lag_correlation_to_G,G,mean_m,,,14,0.9909296976317534
lag_correlation_to_G,G,mean_m,,,15,0.9904998474982418
lag_correlation_to_G,G,mean_m,,,16,0.9900553025784199
lag_correlation_to_G,G,mean_m,,,17,0.9895960144765867
lag_correlation_to_G,G,mean_m,,,18,0.9891219099322603
lag_correlation_to_G,G,mean_m,,,19,0.9886328971215671
lag_correlation_to_G,G,mean_m,,,20,0.9881288610017395
lag_correlation_to_G,G,mean_m,,,21,0.9876096725285048
lag_correlation_to_G,G,mean_m,,,22,0.9870751926753923
lag_correlation_to_G,G,mean_m,,,23,0.98652527964871
lag_correlation_to_G,G,mean_m,,,24,0.9859597889167097
lag_correlation_to_G,G,mean_m,,,25,0.9853785738649653
lag_correlation_to_G,G,mean_m,,,26,0.9847814887606272
lag_correlation_to_G,G,mean_m,,,27,0.9841683925787043
lag_correlation_to_G,G,mean_m,,,28,0.9835391541094151
lag_correlation_to_G,G,mean_m,,,29,0.9828936570671464
lag_correlation_to_G,G,mean_m,,,30,0.9822317967856437
lag_correlation_to_G,G,mean_m,,,31,0.9815534767433107
lag_correlation_to_G,G,mean_m,,,32,0.9808586166618283
lag_correlation_to_G,G,mean_m,,,33,0.9801471521974108
lag_correlation_to_G,G,mean_m,,,34,0.9794190382262268
lag_correlation_to_G,G,mean_m,,,35,0.9786742521081525
lag_correlation_to_G,G,mean_m,,,36,0.9779127932685295
lag_correlation_to_G,G,mean_m,,,37,0.9771346767838508
lag_correlation_to_G,G,mean_m,,,38,0.9763399408821082
lag_correlation_to_G,G,mean_m,,,39,0.97552864558633
lag_correlation_to_G,G,mean_m,,,40,0.9747008747156897
lag_correlation_to_G,G,mean_sigma,,,-40,0.9721648896947078
lag_correlation_to_G,G,mean_sigma,,,-39,0.9732344425606894
lag_correlation_to_G,G,mean_sigma,,,-38,0.9742891004290084
lag_correlation_to_G,G,mean_sigma,,,-37,0.9753287615490746
lag_correlation_to_G,G,mean_sigma,,,-36,0.9763533330561365
lag_correlation_to_G,G,mean_sigma,,,-35,0.9773627269067102
lag_correlation_to_G,G,mean_sigma,,,-34,0.9783568601464023
lag_correlation_to_G,G,mean_sigma,,,-33,0.9793356435278919
lag_correlation_to_G,G,mean_sigma,,,-32,0.9802989878562182
lag_correlation_to_G,G,mean_sigma,,,-31,0.9812468023208141
lag_correlation_to_G,G,mean_sigma,,,-30,0.9821789879799874
lag_correlation_to_G,G,mean_sigma,,,-29,0.9830954310813776
lag_correlation_to_G,G,mean_sigma,,,-28,0.9839960007252261
lag_correlation_to_G,G,mean_sigma,,,-27,0.9848805358844911
lag_correlation_to_G,G,mean_sigma,,,-26,0.9857488464770594
lag_correlation_to_G,G,mean_sigma,,,-25,0.9866007137095675
lag_correlation_to_G,G,mean_sigma,,,-24,0.9874358795775323
lag_correlation_to_G,G,mean_sigma,,,-23,0.9882540361351545
lag_correlation_to_G,G,mean_sigma,,,-22,0.9890548160347163
lag_correlation_to_G,G,mean_sigma,,,-21,0.9898377838421407
lag_correlation_to_G,G,mean_sigma,,,-20,0.9906024293111634
lag_correlation_to_G,G,mean_sigma,,,-19,0.9913481607107849
lag_correlation_to_G,G,mean_sigma,,,-18,0.992074289027286
lag_correlation_to_G,G,mean_sigma,,,-17,0.9927800153516805
lag_correlation_to_G,G,mean_sigma,,,-16,0.9934644118592644
lag_correlation_to_G,G,mean_sigma,,,-15,0.9941264174716099
lag_correlation_to_G,G,mean_sigma,,,-14,0.9947648199083426
lag_correlation_to_G,G,mean_sigma,,,-13,0.9953782337897786
lag_correlation_to_G,G,mean_sigma,,,-12,0.9959650830671212
lag_correlation_to_G,G,mean_sigma,,,-11,0.9965235755120794
lag_correlation_to_G,G,mean_sigma,,,-10,0.9970516925985201
lag_correlation_to_G,G,mean_sigma,,,-9,0.9975471591677331
lag_correlation_to_G,G,mean_sigma,,,-8,0.9980074156883845
lag_correlation_to_G,G,mean_sigma,,,-7,0.9984295858583186
lag_correlation_to_G,G,mean_sigma,,,-6,0.9988104546013807
lag_correlation_to_G,G,mean_sigma,,,-5,0.9991464362563602
lag_correlation_to_G,G,mean_sigma,,,-4,0.9994335341564321
lag_correlation_to_G,G,mean_sigma,,,-3,0.9996673030006374
lag_correlation_to_G,G,mean_sigma,,,-2,0.9998428093113456
lag_correlation_to_G,G,mean_sigma,,,-1,0.9999545925109089
lag_correlation_to_G,G,mean_sigma,,,0,0.9999966158284996
lag_correlation_to_G,G,mean_sigma,,,1,0.9999634333750338
lag_correlation_to_G,G,mean_sigma,,,2,0.9998581980154616
lag_correlation_to_G,G,mean_sigma,,,3,0.999687095479763
lag_correlation_to_G,G,mean_sigma,,,4,0.9994557302868337
lag_correlation_to_G,G,mean_sigma,,,5,0.9991691737069415
lag_correlation_to_G,G,mean_sigma,,,6,0.9988320028691091
lag_correlation_to_G,G,mean_sigma,,,7,0.9984483399398094
lag_correlation_to_G,G,mean_sigma,,,8,0.998021889562019
lag_correlation_to_G,G,mean_sigma,,,9,0.9975559788046365
lag_correlation_to_G,G,mean_sigma,,,10,0.9970535892217722
lag_correlation_to_G,G,mean_sigma,,,11,0.9965173796497583
lag_correlation_to_G,G,mean_sigma,,,12,0.9959497183911051
lag_correlation_to_G,G,mean_sigma,,,13,0.9953527110802761
lag_correlation_to_G,G,mean_sigma,,,14,0.9947282309181452
lag_correlation_to_G,G,mean_sigma,,,15,0.9940779298440325
lag_correlation_to_G,G,mean_sigma,,,16,0.9934032639925673
lag_correlation_to_G,G,mean_sigma,,,17,0.9927055116218131
lag_correlation_to_G,G,mean_sigma,,,18,0.9919857950677039
lag_correlation_to_G,G,mean_sigma,,,19,0.991245098895112
lag_correlation_to_G,G,mean_sigma,,,20,0.9904842750242977
lag_correlation_to_G,G,mean_sigma,,,21,0.9897040617240757
lag_correlation_to_G,G,mean_sigma,,,22,0.9889050964746768
lag_correlation_to_G,G,mean_sigma,,,23,0.9880879318245731
lag_correlation_to_G,G,mean_sigma,,,24,0.987253042456638
lag_correlation_to_G,G,mean_sigma,,,25,0.9864008322469748
lag_correlation_to_G,G,mean_sigma,,,26,0.9855316431287592
lag_correlation_to_G,G,mean_sigma,,,27,0.9846457646866931
lag_correlation_to_G,G,mean_sigma,,,28,0.9837434449433647
lag_correlation_to_G,G,mean_sigma,,,29,0.9828249009003547
lag_correlation_to_G,G,mean_sigma,,,30,0.9818903185744535
lag_correlation_to_G,G,mean_sigma,,,31,0.9809398522946761
lag_correlation_to_G,G,mean_sigma,,,32,0.9799736375288948
lag_correlation_to_G,G,mean_sigma,,,33,0.9789917934195682
lag_correlation_to_G,G,mean_sigma,,,34,0.9779944295020521
lag_correlation_to_G,G,mean_sigma,,,35,0.976981652249175
lag_correlation_to_G,G,mean_sigma,,,36,0.9759535668917932
lag_correlation_to_G,G,mean_sigma,,,37,0.9749102714320894
lag_correlation_to_G,G,mean_sigma,,,38,0.9738518678611994
lag_correlation_to_G,G,mean_sigma,,,39,0.9727784620389494
lag_correlation_to_G,G,mean_sigma,,,40,0.9716901677827391
