algorithm,transition_width,noise,seed,protocol,relative_error,success,finite_result,objective_proxy,uses_continuation,uses_scale_aware,uses_transfer
direct_baseline,0.4,0.0,2026,ltp_ltd,0.09428854130645277,True,True,0.01889032902169865,False,False,False
transition_width_continuation,0.4,0.0,2026,ltp_ltd,0.06553977701682095,True,True,0.014295462371414613,True,False,False
scale_aware_residual_weighting,0.4,0.0,2026,ltp_ltd,0.06734964511432454,True,True,0.014535974697025458,False,True,False
continuation_plus_scale_aware,0.4,0.0,2026,ltp_ltd,0.04871199643142098,True,True,0.01237285859633477,True,True,False
mini_STL_style_transfer,0.4,0.0,2026,ltp_ltd,0.05520811933155313,True,True,0.01304793644012701,True,False,True
direct_baseline,0.4,0.0,2026,calibrated_short_pulse_to_ltp_ltd,0.07694224769461257,True,True,0.015920109480299115,False,False,False
transition_width_continuation,0.4,0.0,2026,calibrated_short_pulse_to_ltp_ltd,0.06044302851963719,True,True,0.013653359696625674,True,False,False
scale_aware_residual_weighting,0.4,0.0,2026,calibrated_short_pulse_to_ltp_ltd,0.06418197061190392,True,True,0.014119325351627299,False,True,False
continuation_plus_scale_aware,0.4,0.0,2026,calibrated_short_pulse_to_ltp_ltd,0.044923872548379,True,True,0.012018154324743,True,True,False
mini_STL_style_transfer,0.4,0.0,2026,calibrated_short_pulse_to_ltp_ltd,0.047011943707163995,True,True,0.012210122851125556,True,False,True
direct_baseline,0.4,0.0,2027,ltp_ltd,0.08993047274183566,True,True,0.018087489927570047,False,False,False
transition_width_continuation,0.4,0.0,2027,ltp_ltd,0.06809810248429427,True,True,0.014637351561961446,True,False,False
scale_aware_residual_weighting,0.4,0.0,2027,ltp_ltd,0.0702961989560061,True,True,0.014941555587662393,False,True,False
continuation_plus_scale_aware,0.4,0.0,2027,ltp_ltd,0.05061345454913763,True,True,0.012561721781397622,True,True,False
mini_STL_style_transfer,0.4,0.0,2027,ltp_ltd,0.05375975628871207,True,True,0.012890111396221718,True,False,True
direct_baseline,0.4,0.0,2027,calibrated_short_pulse_to_ltp_ltd,0.08139445462306286,True,True,0.016625057243385838,False,False,False
transition_width_continuation,0.4,0.0,2027,calibrated_short_pulse_to_ltp_ltd,0.058030827449077595,True,True,0.013367576934424618,True,False,False
scale_aware_residual_weighting,0.4,0.0,2027,calibrated_short_pulse_to_ltp_ltd,0.06299443045351252,True,True,0.013968298268162427,False,True,False
continuation_plus_scale_aware,0.4,0.0,2027,calibrated_short_pulse_to_ltp_ltd,0.04313102040134146,True,True,0.011860284920860933,True,True,False
mini_STL_style_transfer,0.4,0.0,2027,calibrated_short_pulse_to_ltp_ltd,0.044466409053819406,True,True,0.011977261534141593,True,False,True
direct_baseline,0.4,0.0,2028,ltp_ltd,0.09290453081641978,True,True,0.018631251846219093,False,False,False
transition_width_continuation,0.4,0.0,2028,ltp_ltd,0.06477248695515701,True,True,0.014195475066355986,True,False,False
scale_aware_residual_weighting,0.4,0.0,2028,ltp_ltd,0.07028652852969162,True,True,0.014940196092755155,False,True,False
continuation_plus_scale_aware,0.4,0.0,2028,ltp_ltd,0.04814171327748157,True,True,0.012317624557291245,True,True,False
mini_STL_style_transfer,0.4,0.0,2028,ltp_ltd,0.05462129421623619,True,True,0.012983485781856638,True,False,True
direct_baseline,0.4,0.0,2028,calibrated_short_pulse_to_ltp_ltd,0.08267677269343261,True,True,0.016835448743001524,False,False,False
transition_width_continuation,0.4,0.0,2028,calibrated_short_pulse_to_ltp_ltd,0.05779588230120583,True,True,0.013340364010974838,True,False,False
scale_aware_residual_weighting,0.4,0.0,2028,calibrated_short_pulse_to_ltp_ltd,0.059050599054318864,True,True,0.013486973248673925,False,True,False
continuation_plus_scale_aware,0.4,0.0,2028,calibrated_short_pulse_to_ltp_ltd,0.04295639900765298,True,True,0.01184525221570469,True,True,False
mini_STL_style_transfer,0.4,0.0,2028,calibrated_short_pulse_to_ltp_ltd,0.049420156974515704,True,True,0.012442351915385773,True,False,True
direct_baseline,0.4,0.0,2029,ltp_ltd,0.08910546164766524,True,True,0.01793978329544354,False,False,False
transition_width_continuation,0.4,0.0,2029,ltp_ltd,0.0664479484300187,True,True,0.014415329850558423,True,False,False
scale_aware_residual_weighting,0.4,0.0,2029,ltp_ltd,0.06953085381627219,True,True,0.014834539632419813,False,True,False
continuation_plus_scale_aware,0.4,0.0,2029,ltp_ltd,0.049386988697986876,True,True,0.012439074652655084,True,True,False
mini_STL_style_transfer,0.4,0.0,2029,ltp_ltd,0.05193048418370914,True,True,0.012696775187554465,True,False,True
direct_baseline,0.4,0.0,2029,calibrated_short_pulse_to_ltp_ltd,0.08211911007628184,True,True,0.016743548239720494,False,False,False
transition_width_continuation,0.4,0.0,2029,calibrated_short_pulse_to_ltp_ltd,0.0589399116131098,True,True,0.013473913180961195,True,False,False
scale_aware_residual_weighting,0.4,0.0,2029,calibrated_short_pulse_to_ltp_ltd,0.06240166061511986,True,True,0.013893967247524602,False,True,False
continuation_plus_scale_aware,0.4,0.0,2029,calibrated_short_pulse_to_ltp_ltd,0.04380669106379782,True,True,0.011919026181959023,True,True,False
mini_STL_style_transfer,0.4,0.0,2029,calibrated_short_pulse_to_ltp_ltd,0.04660503520726126,True,True,0.012172029306670062,True,False,True
direct_baseline,0.4,0.0,2030,ltp_ltd,0.09089491216667774,True,True,0.01826188505778806,False,False,False
transition_width_continuation,0.4,0.0,2030,ltp_ltd,0.06762321683631153,True,True,0.014572899455290809,True,False,False
scale_aware_residual_weighting,0.4,0.0,2030,ltp_ltd,0.0706845439444861,True,True,0.014996304752639987,False,True,False
continuation_plus_scale_aware,0.4,0.0,2030,ltp_ltd,0.05026049899996128,True,True,0.012526117759725109,True,True,False
mini_STL_style_transfer,0.4,0.0,2030,ltp_ltd,0.053532475528337654,True,True,0.01286572593619207,True,False,True
direct_baseline,0.4,0.0,2030,calibrated_short_pulse_to_ltp_ltd,0.07593945440866948,True,True,0.01576680073588639,False,False,False
transition_width_continuation,0.4,0.0,2030,calibrated_short_pulse_to_ltp_ltd,0.058615636138410566,True,True,0.013435792799910543,True,False,False
scale_aware_residual_weighting,0.4,0.0,2030,calibrated_short_pulse_to_ltp_ltd,0.05995406483574552,True,True,0.013594489890328777,False,True,False
continuation_plus_scale_aware,0.4,0.0,2030,calibrated_short_pulse_to_ltp_ltd,0.043565675508278126,True,True,0.011897968082492584,True,True,False
mini_STL_style_transfer,0.4,0.0,2030,calibrated_short_pulse_to_ltp_ltd,0.04891665261688001,True,True,0.012392838903240513,True,False,True
direct_baseline,0.4,0.02,2026,ltp_ltd,0.1225751036983886,True,True,0.02502465604667072,False,False,False
transition_width_continuation,0.4,0.02,2026,ltp_ltd,0.08520171012186724,True,True,0.017259331407690696,True,False,False
scale_aware_residual_weighting,0.4,0.02,2026,ltp_ltd,0.08755453864862191,True,True,0.017665797237973027,False,True,False
continuation_plus_scale_aware,0.4,0.02,2026,ltp_ltd,0.06332559536084727,True,True,0.014010131027805761,True,True,False
mini_STL_style_transfer,0.4,0.02,2026,ltp_ltd,0.07177055513101907,True,True,0.015151012583814648,True,False,True
direct_baseline,0.4,0.02,2026,calibrated_short_pulse_to_ltp_ltd,0.10002492200299634,True,True,0.0200049850217055,False,False,False
transition_width_continuation,0.4,0.02,2026,calibrated_short_pulse_to_ltp_ltd,0.07857593707552835,True,True,0.01617417788729739,True,False,False
scale_aware_residual_weighting,0.4,0.02,2026,calibrated_short_pulse_to_ltp_ltd,0.0834365617954751,True,True,0.016961659844250136,False,True,False
continuation_plus_scale_aware,0.4,0.02,2026,calibrated_short_pulse_to_ltp_ltd,0.058401034312892695,True,True,0.01341068080881567,True,True,False
mini_STL_style_transfer,0.4,0.02,2026,calibrated_short_pulse_to_ltp_ltd,0.06111552681931319,True,True,0.01373510761840219,True,False,True
direct_baseline,0.4,0.02,2027,ltp_ltd,0.11690961456438637,True,True,0.02366785797759338,False,False,False
transition_width_continuation,0.4,0.02,2027,ltp_ltd,0.08852753322958254,True,True,0.01783712413971484,True,False,False
scale_aware_residual_weighting,0.4,0.02,2027,ltp_ltd,0.09138505864280792,True,True,0.018351228943149445,False,True,False
continuation_plus_scale_aware,0.4,0.02,2027,ltp_ltd,0.06579749091387893,True,True,0.01432930981056198,True,True,False
mini_STL_style_transfer,0.4,0.02,2027,ltp_ltd,0.06988768317532569,True,True,0.014884288259614702,True,False,True
direct_baseline,0.4,0.02,2027,calibrated_short_pulse_to_ltp_ltd,0.10581279100998171,True,True,0.021196346741322068,False,False,False
transition_width_continuation,0.4,0.02,2027,calibrated_short_pulse_to_ltp_ltd,0.07544007568380089,True,True,0.015691205019177607,True,False,False
scale_aware_residual_weighting,0.4,0.02,2027,calibrated_short_pulse_to_ltp_ltd,0.08189275958956628,True,True,0.0167064240731945,False,True,False
continuation_plus_scale_aware,0.4,0.02,2027,calibrated_short_pulse_to_ltp_ltd,0.0560703265217439,True,True,0.013143881516254978,True,True,False
mini_STL_style_transfer,0.4,0.02,2027,calibrated_short_pulse_to_ltp_ltd,0.05780633176996523,True,True,0.013341571992699293,True,False,True
direct_baseline,0.4,0.02,2028,ltp_ltd,0.1207758900613457,True,True,0.024586815620110263,False,False,False
transition_width_continuation,0.4,0.02,2028,ltp_ltd,0.08420423304170412,True,True,0.017090352862141615,True,False,False
scale_aware_residual_weighting,0.4,0.02,2028,ltp_ltd,0.09137248708859912,True,True,0.01834893139675621,False,True,False
continuation_plus_scale_aware,0.4,0.02,2028,ltp_ltd,0.06258422726072604,True,True,0.013916785501822206,True,True,False
mini_STL_style_transfer,0.4,0.02,2028,ltp_ltd,0.07100768248110705,True,True,0.015042090971337716,True,False,True
direct_baseline,0.4,0.02,2028,calibrated_short_pulse_to_ltp_ltd,0.10747980450146241,True,True,0.021551908375672578,False,False,False
transition_width_continuation,0.4,0.02,2028,calibrated_short_pulse_to_ltp_ltd,0.07513464699156758,True,True,0.015645215178547476,True,False,False
scale_aware_residual_weighting,0.4,0.02,2028,calibrated_short_pulse_to_ltp_ltd,0.07676577877061454,True,True,0.015892984790258934,False,True,False
continuation_plus_scale_aware,0.4,0.02,2028,calibrated_short_pulse_to_ltp_ltd,0.05584331870994888,True,True,0.013118476244540926,True,True,False
mini_STL_style_transfer,0.4,0.02,2028,calibrated_short_pulse_to_ltp_ltd,0.06424620406687041,True,True,0.014127574737001956,True,False,True
direct_baseline,0.4,0.02,2029,ltp_ltd,0.1158371001419648,True,True,0.02341823376929958,False,False,False
transition_width_continuation,0.4,0.02,2029,ltp_ltd,0.08638233295902431,True,True,0.017461907447443737,True,False,False
scale_aware_residual_weighting,0.4,0.02,2029,ltp_ltd,0.09039010996115383,True,True,0.01817037197878948,False,True,False
continuation_plus_scale_aware,0.4,0.02,2029,ltp_ltd,0.06420308530738295,True,True,0.014122036162987092,True,True,False
mini_STL_style_transfer,0.4,0.02,2029,ltp_ltd,0.06750962943882187,True,True,0.014557550066967045,True,False,True
direct_baseline,0.4,0.02,2029,calibrated_short_pulse_to_ltp_ltd,0.10675484309916639,True,True,0.021396596525127633,False,False,False
transition_width_continuation,0.4,0.02,2029,calibrated_short_pulse_to_ltp_ltd,0.07662188509704275,True,True,0.015870913275824423,True,False,False
scale_aware_residual_weighting,0.4,0.02,2029,calibrated_short_pulse_to_ltp_ltd,0.08112215879965583,True,True,0.01658080464831658,False,True,False
continuation_plus_scale_aware,0.4,0.02,2029,calibrated_short_pulse_to_ltp_ltd,0.05694869838293718,True,True,0.013243154247510752,True,True,False
mini_STL_style_transfer,0.4,0.02,2029,calibrated_short_pulse_to_ltp_ltd,0.060586545769439636,True,True,0.013670729528272405,True,False,True
direct_baseline,0.4,0.02,2030,ltp_ltd,0.11816338581668105,True,True,0.023962585747661823,False,False,False
transition_width_continuation,0.4,0.02,2030,ltp_ltd,0.087910181887205,True,True,0.017728200079441467,True,False,False
scale_aware_residual_weighting,0.4,0.02,2030,ltp_ltd,0.09188990712783192,True,True,0.018443755031961575,False,True,False
continuation_plus_scale_aware,0.4,0.02,2030,ltp_ltd,0.06533864869994967,True,True,0.014269139013935435,True,True,False
mini_STL_style_transfer,0.4,0.02,2030,ltp_ltd,0.06959221818683894,True,True,0.014843076832164598,True,False,True
direct_baseline,0.4,0.02,2030,calibrated_short_pulse_to_ltp_ltd,0.09872129073127033,True,True,0.019745893243647998,False,False,False
transition_width_continuation,0.4,0.02,2030,calibrated_short_pulse_to_ltp_ltd,0.07620032697993374,True,True,0.01580648983184882,True,False,False
scale_aware_residual_weighting,0.4,0.02,2030,calibrated_short_pulse_to_ltp_ltd,0.07794028428646917,True,True,0.016074687914655633,False,True,False
continuation_plus_scale_aware,0.4,0.02,2030,calibrated_short_pulse_to_ltp_ltd,0.05663537816076157,True,True,0.013207566059412468,True,True,False
mini_STL_style_transfer,0.4,0.02,2030,calibrated_short_pulse_to_ltp_ltd,0.06359164840194402,True,True,0.01404389774647647,True,False,True
direct_baseline,0.4,0.05,2026,ltp_ltd,0.16500494728629236,True,True,0.03722663262895212,False,False,False
transition_width_continuation,0.4,0.05,2026,ltp_ltd,0.11469460977943667,True,True,0.02315485351245725,True,False,False
scale_aware_residual_weighting,0.4,0.05,2026,ltp_ltd,0.11786187895006794,True,True,0.02389142250964047,False,True,False
continuation_plus_scale_aware,0.4,0.05,2026,ltp_ltd,0.08524599375498672,True,True,0.017266879451275235,True,True,False
mini_STL_style_transfer,0.4,0.05,2026,ltp_ltd,0.09661420883021797,True,True,0.01933430534788897,True,False,True
direct_baseline,0.4,0.05,2026,calibrated_short_pulse_to_ltp_ltd,0.134648933465572,True,True,0.028130335283416033,False,False,False
transition_width_continuation,0.4,0.05,2026,calibrated_short_pulse_to_ltp_ltd,0.10577529990936509,True,True,0.02118841407091613,True,False,False
scale_aware_residual_weighting,0.4,0.05,2026,calibrated_short_pulse_to_ltp_ltd,0.11231844857083186,True,True,0.0226154338893586,False,True,False
continuation_plus_scale_aware,0.4,0.05,2026,calibrated_short_pulse_to_ltp_ltd,0.07861677695966325,True,True,0.01618059761952544,True,True,False
mini_STL_style_transfer,0.4,0.05,2026,calibrated_short_pulse_to_ltp_ltd,0.082270901487537,True,True,0.016768501231572017,True,False,True
direct_baseline,0.4,0.05,2027,ltp_ltd,0.1573783272982124,True,True,0.03476793790318327,False,False,False
transition_width_continuation,0.4,0.05,2027,ltp_ltd,0.11917167934751498,True,True,0.024201889158506927,True,False,False
scale_aware_residual_weighting,0.4,0.05,2027,ltp_ltd,0.12301834817301069,True,True,0.025133513987216083,False,True,False
continuation_plus_scale_aware,0.4,0.05,2027,ltp_ltd,0.08857354546099087,True,True,0.01784527295553022,True,True,False
mini_STL_style_transfer,0.4,0.05,2027,ltp_ltd,0.09407957350524611,True,True,0.018850966150929006,True,False,True
direct_baseline,0.4,0.05,2027,calibrated_short_pulse_to_ltp_ltd,0.14244029559036,True,True,0.03028923780786913,False,False,False
transition_width_continuation,0.4,0.05,2027,calibrated_short_pulse_to_ltp_ltd,0.10155394803588581,True,True,0.020313204361675396,True,False,False
scale_aware_residual_weighting,0.4,0.05,2027,calibrated_short_pulse_to_ltp_ltd,0.11024025329364692,True,True,0.02215291344624743,False,True,False
continuation_plus_scale_aware,0.4,0.05,2027,calibrated_short_pulse_to_ltp_ltd,0.07547928570234758,True,True,0.015697122570136612,True,True,False
mini_STL_style_transfer,0.4,0.05,2027,calibrated_short_pulse_to_ltp_ltd,0.07781621584418397,True,True,0.01605536344830863,True,False,True
direct_baseline,0.4,0.05,2028,ltp_ltd,0.1625829289287346,True,True,0.03643320877904597,False,False,False
transition_width_continuation,0.4,0.05,2028,ltp_ltd,0.11335185217152478,True,True,0.022848642390715206,True,False,False
scale_aware_residual_weighting,0.4,0.05,2028,ltp_ltd,0.12300142492696037,True,True,0.025129350534062667,False,True,False
continuation_plus_scale_aware,0.4,0.05,2028,ltp_ltd,0.08424799823559276,True,True,0.01709772520670444,True,True,False
mini_STL_style_transfer,0.4,0.05,2028,ltp_ltd,0.09558726487841335,True,True,0.019136925206935954,True,False,True
direct_baseline,0.4,0.05,2028,calibrated_short_pulse_to_ltp_ltd,0.1446843522135071,True,True,0.030933561775442174,False,False,False
transition_width_continuation,0.4,0.05,2028,calibrated_short_pulse_to_ltp_ltd,0.1011427940271102,True,True,0.02022986478361044,True,False,False
scale_aware_residual_weighting,0.4,0.05,2028,calibrated_short_pulse_to_ltp_ltd,0.10333854834505803,True,True,0.020678855574063897,False,True,False
continuation_plus_scale_aware,0.4,0.05,2028,calibrated_short_pulse_to_ltp_ltd,0.07517369826339272,True,True,0.015651084910595615,True,True,False
mini_STL_style_transfer,0.4,0.05,2028,calibrated_short_pulse_to_ltp_ltd,0.08648527470540249,True,True,0.017479702740868932,True,False,True
direct_baseline,0.4,0.05,2029,ltp_ltd,0.15593455788341418,True,True,0.03431558634229585,False,False,False
transition_width_continuation,0.4,0.05,2029,ltp_ltd,0.11628390975253274,True,True,0.023521947667335178,True,False,False
scale_aware_residual_weighting,0.4,0.05,2029,ltp_ltd,0.12167899417847632,True,True,0.024805777624285673,False,True,False
continuation_plus_scale_aware,0.4,0.05,2029,ltp_ltd,0.08642723022147704,True,True,0.017469666123756195,True,True,False
mini_STL_style_transfer,0.4,0.05,2029,ltp_ltd,0.09087834732149098,True,True,0.01825887401188555,True,False,True
direct_baseline,0.4,0.05,2029,calibrated_short_pulse_to_ltp_ltd,0.14370844263349322,True,True,0.03065211648414401,False,False,False
transition_width_continuation,0.4,0.05,2029,calibrated_short_pulse_to_ltp_ltd,0.10314484532294216,True,True,0.020638859116693664,True,False,False
scale_aware_residual_weighting,0.4,0.05,2029,calibrated_short_pulse_to_ltp_ltd,0.10920290607645977,True,True,0.021925274695544096,False,True,False
continuation_plus_scale_aware,0.4,0.05,2029,calibrated_short_pulse_to_ltp_ltd,0.07666170936164621,True,True,0.015877017682249514,True,True,False
mini_STL_style_transfer,0.4,0.05,2029,calibrated_short_pulse_to_ltp_ltd,0.0815588116127072,True,True,0.016651839751677062,True,False,True
direct_baseline,0.4,0.05,2030,ltp_ltd,0.15906609629168603,True,True,0.035302022989475934,False,False,False
transition_width_continuation,0.4,0.05,2030,ltp_ltd,0.1183406294635452,True,True,0.024004504581828102,True,False,False
scale_aware_residual_weighting,0.4,0.05,2030,ltp_ltd,0.12369795190285068,True,True,0.02530118330495996,False,True,False
continuation_plus_scale_aware,0.4,0.05,2030,ltp_ltd,0.08795587324993225,True,True,0.017736235639158146,True,True,False
mini_STL_style_transfer,0.4,0.05,2030,ltp_ltd,0.09368183217459088,True,True,0.01877628567958821,True,False,True
direct_baseline,0.4,0.05,2030,calibrated_short_pulse_to_ltp_ltd,0.1328940452151716,True,True,0.02766082725365207,False,False,False
transition_width_continuation,0.4,0.05,2030,calibrated_short_pulse_to_ltp_ltd,0.1025773632422185,True,True,0.02052211544972604,True,False,False
scale_aware_residual_weighting,0.4,0.05,2030,calibrated_short_pulse_to_ltp_ltd,0.10491961346255467,True,True,0.021008125289131884,False,True,False
continuation_plus_scale_aware,0.4,0.05,2030,calibrated_short_pulse_to_ltp_ltd,0.07623993213948672,True,True,0.01581252725263354,True,True,False
mini_STL_style_transfer,0.4,0.05,2030,calibrated_short_pulse_to_ltp_ltd,0.08560414207954002,True,True,0.017328069141174074,True,False,True
direct_baseline,0.2,0.0,2026,ltp_ltd,0.1180192607493655,True,True,0.030400366253178185,False,False,False
transition_width_continuation,0.2,0.0,2026,ltp_ltd,0.07886758008001564,True,True,0.02269191553302914,True,False,False
scale_aware_residual_weighting,0.2,0.0,2026,ltp_ltd,0.08182999252038066,True,True,0.023167968021237016,False,True,False
continuation_plus_scale_aware,0.2,0.0,2026,ltp_ltd,0.05717107712627641,True,True,0.019740352405130106,True,True,False
mini_STL_style_transfer,0.2,0.0,2026,ltp_ltd,0.06581238459846202,True,True,0.020803090311887342,True,False,True
direct_baseline,0.2,0.0,2026,calibrated_short_pulse_to_ltp_ltd,0.09630721896310955,True,True,0.025746900769759787,False,False,False
transition_width_continuation,0.2,0.0,2026,calibrated_short_pulse_to_ltp_ltd,0.07273438526999709,True,True,0.02176211114595583,True,False,False
scale_aware_residual_weighting,0.2,0.0,2026,calibrated_short_pulse_to_ltp_ltd,0.07798125982995481,True,True,0.022552897230018385,False,True,False
continuation_plus_scale_aware,0.2,0.0,2026,calibrated_short_pulse_to_ltp_ltd,0.052725126671624406,True,True,0.0192517593278903,True,True,False
mini_STL_style_transfer,0.2,0.0,2026,calibrated_short_pulse_to_ltp_ltd,0.056041903934387884,True,True,0.01961251534194262,True,False,True
direct_baseline,0.2,0.0,2027,ltp_ltd,0.11256434519796794,True,True,0.029142552155198752,False,False,False
transition_width_continuation,0.2,0.0,2027,ltp_ltd,0.08194615232820793,True,True,0.023186992226749317,True,False,False
scale_aware_residual_weighting,0.2,0.0,2027,ltp_ltd,0.08541006303769981,True,True,0.023766699213455318,False,True,False
continuation_plus_scale_aware,0.2,0.0,2027,ltp_ltd,0.0594027329126166,True,True,0.020000505022839125,True,True,False
mini_STL_style_transfer,0.2,0.0,2027,ltp_ltd,0.06408582287587901,True,True,0.02057881303903,True,False,True
direct_baseline,0.2,0.0,2027,calibrated_short_pulse_to_ltp_ltd,0.10187996580083103,True,True,0.026851347776929962,False,False,False
transition_width_continuation,0.2,0.0,2027,calibrated_short_pulse_to_ltp_ltd,0.06983165246007875,True,True,0.021348280030656683,True,False,False
scale_aware_residual_weighting,0.2,0.0,2027,calibrated_short_pulse_to_ltp_ltd,0.07653839547463617,True,True,0.02232994632718327,False,True,False
continuation_plus_scale_aware,0.2,0.0,2027,calibrated_short_pulse_to_ltp_ltd,0.05062093682347075,True,True,0.019034299590237277,True,True,False
mini_STL_style_transfer,0.2,0.0,2027,calibrated_short_pulse_to_ltp_ltd,0.05300742807027564,True,True,0.019281607775976907,True,False,True
direct_baseline,0.2,0.0,2028,ltp_ltd,0.11628691986637123,True,True,0.029994468077359303,False,False,False
transition_width_continuation,0.2,0.0,2028,ltp_ltd,0.07794425819615648,True,True,0.02254712773110057,True,False,False
scale_aware_residual_weighting,0.2,0.0,2028,ltp_ltd,0.085398313444786,True,True,0.02376469228456538,False,True,False
continuation_plus_scale_aware,0.2,0.0,2028,ltp_ltd,0.0565017614634789,True,True,0.01966426939382733,True,True,False
mini_STL_style_transfer,0.2,0.0,2028,ltp_ltd,0.06511284328734906,True,True,0.02071150270631434,True,False,True
direct_baseline,0.2,0.0,2028,calibrated_short_pulse_to_ltp_ltd,0.10348502012252977,True,True,0.027180969735111853,False,False,False
transition_width_continuation,0.2,0.0,2028,calibrated_short_pulse_to_ltp_ltd,0.06954893017892981,True,True,0.021308874034385115,True,False,False
scale_aware_residual_weighting,0.2,0.0,2028,calibrated_short_pulse_to_ltp_ltd,0.07174663015278715,True,True,0.02161939928363229,False,True,False
continuation_plus_scale_aware,0.2,0.0,2028,calibrated_short_pulse_to_ltp_ltd,0.05041599155540897,True,True,0.01901359254986653,True,True,False
mini_STL_style_transfer,0.2,0.0,2028,calibrated_short_pulse_to_ltp_ltd,0.0589126819950252,True,True,0.019942524445198426,True,False,True
direct_baseline,0.2,0.0,2029,ltp_ltd,0.11153169374218223,True,True,0.028911139054351394,False,False,False
transition_width_continuation,0.2,0.0,2029,ltp_ltd,0.07996043216033889,True,True,0.02286549105661962,True,False,False
scale_aware_residual_weighting,0.2,0.0,2029,ltp_ltd,0.08448016671896455,True,True,0.023608718914215506,False,True,False
continuation_plus_scale_aware,0.2,0.0,2029,ltp_ltd,0.057963285160406317,True,True,0.01983156277193804,True,True,False
mini_STL_style_transfer,0.2,0.0,2029,ltp_ltd,0.061905187839450856,True,True,0.020304072626789155,True,False,True
direct_baseline,0.2,0.0,2029,calibrated_short_pulse_to_ltp_ltd,0.10278700391704217,True,True,0.027036988519593505,False,False,False
transition_width_continuation,0.2,0.0,2029,calibrated_short_pulse_to_ltp_ltd,0.0709256029031491,True,True,0.021502261492526653,True,False,False
scale_aware_residual_weighting,0.2,0.0,2029,calibrated_short_pulse_to_ltp_ltd,0.07581817859213233,True,True,0.022220216550379934,False,True,False
continuation_plus_scale_aware,0.2,0.0,2029,calibrated_short_pulse_to_ltp_ltd,0.051413941060314924,True,True,0.019115213680705,True,True,False
mini_STL_style_transfer,0.2,0.0,2029,calibrated_short_pulse_to_ltp_ltd,0.055556837262742055,True,True,0.019558382511990265,True,False,True
direct_baseline,0.2,0.0,2030,ltp_ltd,0.11377151657192591,True,True,0.029415778328427473,False,False,False
transition_width_continuation,0.2,0.0,2030,ltp_ltd,0.08137469658673484,True,True,0.023093661589934616,True,False,False
scale_aware_residual_weighting,0.2,0.0,2030,ltp_ltd,0.08588190320031243,True,True,0.023847521642659294,False,True,False
continuation_plus_scale_aware,0.2,0.0,2030,ltp_ltd,0.05898848487512305,True,True,0.01995146169321408,True,True,False
mini_STL_style_transfer,0.2,0.0,2030,ltp_ltd,0.06381488648111137,True,True,0.020544160081948593,True,False,True
direct_baseline,0.2,0.0,2030,calibrated_short_pulse_to_ltp_ltd,0.09505204075532736,True,True,0.025506710797103874,False,False,False
transition_width_continuation,0.2,0.0,2030,calibrated_short_pulse_to_ltp_ltd,0.07053538457875257,True,True,0.021447060823023986,True,False,False
scale_aware_residual_weighting,0.2,0.0,2030,calibrated_short_pulse_to_ltp_ltd,0.07284434340741629,True,True,0.021778118711809055,False,True,False
continuation_plus_scale_aware,0.2,0.0,2030,calibrated_short_pulse_to_ltp_ltd,0.05113107195367406,True,True,0.019086206864483254,True,True,False
mini_STL_style_transfer,0.2,0.0,2030,calibrated_short_pulse_to_ltp_ltd,0.05831246552627142,True,True,0.019872163981104054,True,False,True
direct_baseline,0.2,0.02,2026,ltp_ltd,0.14630582314130133,True,True,0.0378772142304052,False,False,False
transition_width_continuation,0.2,0.02,2026,ltp_ltd,0.09777036518872809,True,True,0.026030864654488714,True,False,False
scale_aware_residual_weighting,0.2,0.02,2026,ltp_ltd,0.10144280126246416,True,True,0.02676246227332726,False,True,False
continuation_plus_scale_aware,0.2,0.02,2026,ltp_ltd,0.07087369846010211,True,True,0.02149490147876494,True,True,False
mini_STL_style_transfer,0.2,0.02,2026,ltp_ltd,0.08158613297890577,True,True,0.023128117439803156,True,False,True
direct_baseline,0.2,0.02,2026,calibrated_short_pulse_to_ltp_ltd,0.11938989327149332,True,True,0.03072576696073003,False,False,False
transition_width_continuation,0.2,0.02,2026,calibrated_short_pulse_to_ltp_ltd,0.090167181526433,True,True,0.024601940969772182,True,False,False
scale_aware_residual_weighting,0.2,0.02,2026,calibrated_short_pulse_to_ltp_ltd,0.09667161390924553,True,True,0.025817221281169693,False,True,False
continuation_plus_scale_aware,0.2,0.02,2026,calibrated_short_pulse_to_ltp_ltd,0.0653621536767918,True,True,0.020744031478620008,True,True,False
mini_STL_style_transfer,0.2,0.02,2026,calibrated_short_pulse_to_ltp_ltd,0.06947388785072045,True,True,0.021298441438445944,True,False,True
direct_baseline,0.2,0.02,2027,ltp_ltd,0.13954348702051864,True,True,0.035944205115197116,False,False,False
transition_width_continuation,0.2,0.02,2027,ltp_ltd,0.10158680196363952,True,True,0.026791698678551176,True,False,False
scale_aware_residual_weighting,0.2,0.02,2027,ltp_ltd,0.10588093416225103,True,True,0.027682592564422397,False,True,False
continuation_plus_scale_aware,0.2,0.02,2027,ltp_ltd,0.07364023194552986,True,True,0.021894704106342897,True,True,False
mini_STL_style_transfer,0.2,0.02,2027,ltp_ltd,0.07944575324408246,True,True,0.0227834480538711,True,False,True
direct_baseline,0.2,0.02,2027,calibrated_short_pulse_to_ltp_ltd,0.1262983021877499,True,True,0.03242308148085965,False,False,False
transition_width_continuation,0.2,0.02,2027,calibrated_short_pulse_to_ltp_ltd,0.08656872894828763,True,True,0.023965965177073553,True,False,False
scale_aware_residual_weighting,0.2,0.02,2027,calibrated_short_pulse_to_ltp_ltd,0.09488292741988982,True,True,0.02547459026111954,False,True,False
continuation_plus_scale_aware,0.2,0.02,2027,calibrated_short_pulse_to_ltp_ltd,0.0627536368480559,True,True,0.02040983928300914,True,True,False
mini_STL_style_transfer,0.2,0.02,2027,calibrated_short_pulse_to_ltp_ltd,0.06571211637136691,True,True,0.02078990258335553,True,False,True
direct_baseline,0.2,0.02,2028,ltp_ltd,0.14415827911129717,True,True,0.03725342978168212,False,False,False
transition_width_continuation,0.2,0.02,2028,ltp_ltd,0.09662574381604153,True,True,0.02580835471335475,True,False,False
scale_aware_residual_weighting,0.2,0.02,2028,ltp_ltd,0.10586636845617971,True,True,0.027679508315451063,False,True,False
continuation_plus_scale_aware,0.2,0.02,2028,ltp_ltd,0.07004396288672891,True,True,0.021377977082228918,True,True,False
mini_STL_style_transfer,0.2,0.02,2028,ltp_ltd,0.08071892734913083,True,True,0.022987365577745722,True,False,True
direct_baseline,0.2,0.02,2028,calibrated_short_pulse_to_ltp_ltd,0.12828805193055956,True,True,0.032929644613489406,False,False,False
transition_width_continuation,0.2,0.02,2028,calibrated_short_pulse_to_ltp_ltd,0.08621824449514631,True,True,0.023905406029176287,True,False,False
scale_aware_residual_weighting,0.2,0.02,2028,calibrated_short_pulse_to_ltp_ltd,0.08894268372355034,True,True,0.024382621333298965,False,True,False
continuation_plus_scale_aware,0.2,0.02,2028,calibrated_short_pulse_to_ltp_ltd,0.06249957080873057,True,True,0.020378016696626988,True,True,False
mini_STL_style_transfer,0.2,0.02,2028,calibrated_short_pulse_to_ltp_ltd,0.07303272684488683,True,True,0.021805599535751313,True,False,True
direct_baseline,0.2,0.02,2029,ltp_ltd,0.1382633322364818,True,True,0.035588569386487204,False,False,False
transition_width_continuation,0.2,0.02,2029,ltp_ltd,0.09912514933301222,True,True,0.026297615575643436,True,False,False
scale_aware_residual_weighting,0.2,0.02,2029,ltp_ltd,0.10472816261051633,True,True,0.027439808389126213,False,True,False
continuation_plus_scale_aware,0.2,0.02,2029,ltp_ltd,0.07185578094220366,True,True,0.02163507360016542,True,True,False
mini_STL_style_transfer,0.2,0.02,2029,ltp_ltd,0.07674246903479633,True,True,0.022361226898908133,True,False,True
direct_baseline,0.2,0.02,2029,calibrated_short_pulse_to_ltp_ltd,0.12742273693992673,True,True,0.03270837423461323,False,False,False
transition_width_continuation,0.2,0.02,2029,calibrated_short_pulse_to_ltp_ltd,0.08792487470816572,True,True,0.0242026039377981,True,False,False
scale_aware_residual_weighting,0.2,0.02,2029,calibrated_short_pulse_to_ltp_ltd,0.09399009074928262,True,True,0.025305957504409844,False,True,False
continuation_plus_scale_aware,0.2,0.02,2029,calibrated_short_pulse_to_ltp_ltd,0.06373670636475467,True,True,0.02053418808357842,True,True,False
mini_STL_style_transfer,0.2,0.02,2029,calibrated_short_pulse_to_ltp_ltd,0.06887256160767384,True,True,0.021215250087754288,True,False,True
direct_baseline,0.2,0.02,2030,ltp_ltd,0.14103999022192923,True,True,0.03636409918715335,False,False,False
transition_width_continuation,0.2,0.02,2030,ltp_ltd,0.10087838113373278,True,True,0.026648268125514116,True,False,False
scale_aware_residual_weighting,0.2,0.02,2030,ltp_ltd,0.10646586379953091,True,True,0.027806800499931728,False,True,False
continuation_plus_scale_aware,0.2,0.02,2030,ltp_ltd,0.07312669797043683,True,True,0.02181933430141095,True,True,False
mini_STL_style_transfer,0.2,0.02,2030,ltp_ltd,0.07910987948920785,True,True,0.02273019337814845,True,False,True
direct_baseline,0.2,0.02,2030,calibrated_short_pulse_to_ltp_ltd,0.11783387707792821,True,True,0.030356642932567755,False,False,False
transition_width_continuation,0.2,0.02,2030,calibrated_short_pulse_to_ltp_ltd,0.08744112982793893,True,True,0.024117771530937932,True,False,False
scale_aware_residual_weighting,0.2,0.02,2030,calibrated_short_pulse_to_ltp_ltd,0.09030349415628723,True,True,0.024626541402186064,False,True,False
continuation_plus_scale_aware,0.2,0.02,2030,calibrated_short_pulse_to_ltp_ltd,0.06338603989535334,True,True,0.020489610398966785,True,True,False
mini_STL_style_transfer,0.2,0.02,2030,calibrated_short_pulse_to_ltp_ltd,0.07228865198823714,True,True,0.02169746955162792,True,False,True
direct_baseline,0.2,0.05,2026,ltp_ltd,0.18873566672920508,True,True,0.052092972241069034,False,False,False
transition_width_continuation,0.2,0.05,2026,ltp_ltd,0.12612454285179678,True,True,0.03237922065492618,True,False,False
scale_aware_residual_weighting,0.2,0.05,2026,ltp_ltd,0.13086201437558945,True,True,0.03359668715178844,False,True,False
continuation_plus_scale_aware,0.2,0.05,2026,ltp_ltd,0.09142763046084065,True,True,0.024830831957035497,True,True,False
mini_STL_style_transfer,0.2,0.05,2026,ltp_ltd,0.10524675554957141,True,True,0.027548699899062702,True,False,True
direct_baseline,0.2,0.05,2026,calibrated_short_pulse_to_ltp_ltd,0.15401390473406898,True,True,0.04019210319678634,False,False,False
transition_width_continuation,0.2,0.05,2026,calibrated_short_pulse_to_ltp_ltd,0.11631637591108684,True,True,0.030001319650440724,True,False,False
scale_aware_residual_weighting,0.2,0.05,2026,calibrated_short_pulse_to_ltp_ltd,0.12470714502818157,True,True,0.03202369236643137,False,True,False
continuation_plus_scale_aware,0.2,0.05,2026,calibrated_short_pulse_to_ltp_ltd,0.0843176941845429,True,True,0.023581293897949558,True,True,False
mini_STL_style_transfer,0.2,0.05,2026,calibrated_short_pulse_to_ltp_ltd,0.08962186372521931,True,True,0.024503898802933244,True,False,True
direct_baseline,0.2,0.05,2027,ltp_ltd,0.1800121997543447,True,True,0.04887621240574956,False,False,False
transition_width_continuation,0.2,0.05,2027,ltp_ltd,0.13104777641678692,True,True,0.033645340049135636,True,False,False
scale_aware_residual_weighting,0.2,0.05,2027,ltp_ltd,0.13658724084907786,True,True,0.03512789470811546,False,True,False
continuation_plus_scale_aware,0.2,0.05,2027,ltp_ltd,0.09499648049489977,True,True,0.025496151651769335,True,True,False
mini_STL_style_transfer,0.2,0.05,2027,ltp_ltd,0.10248564879638762,True,True,0.02697512855456797,True,False,True
direct_baseline,0.2,0.05,2027,calibrated_short_pulse_to_ltp_ltd,0.16292580676812818,True,True,0.04301663885639691,False,False,False
transition_width_continuation,0.2,0.05,2027,calibrated_short_pulse_to_ltp_ltd,0.11167434368060093,True,True,0.02894297938184443,True,False,False
scale_aware_residual_weighting,0.2,0.05,2027,calibrated_short_pulse_to_ltp_ltd,0.1223997253377703,True,True,0.03145351310811307,False,True,False
continuation_plus_scale_aware,0.2,0.05,2027,calibrated_short_pulse_to_ltp_ltd,0.08095268688493362,True,True,0.023025157859241564,True,True,False
mini_STL_style_transfer,0.2,0.05,2027,calibrated_short_pulse_to_ltp_ltd,0.0847691488230038,True,True,0.023657628937528027,True,False,True
direct_baseline,0.2,0.05,2028,ltp_ltd,0.18596531797868607,True,True,0.05105491983626528,False,False,False
transition_width_continuation,0.2,0.05,2028,ltp_ltd,0.12464797224586911,True,True,0.032008937330358415,True,False,False
scale_aware_residual_weighting,0.2,0.05,2028,ltp_ltd,0.1365684509732703,True,True,0.03512276214658999,False,True,False
continuation_plus_scale_aware,0.2,0.05,2028,ltp_ltd,0.09035726502160393,True,True,0.02463625568753583,True,True,False
mini_STL_style_transfer,0.2,0.05,2028,ltp_ltd,0.10412805344180348,True,True,0.027314471858930545,True,False,True
direct_baseline,0.2,0.05,2028,calibrated_short_pulse_to_ltp_ltd,0.16549259964260427,True,True,0.04385962088181876,False,False,False
transition_width_continuation,0.2,0.05,2028,calibrated_short_pulse_to_ltp_ltd,0.11122221596947107,True,True,0.028842201670511127,True,False,False
scale_aware_residual_weighting,0.2,0.05,2028,calibrated_short_pulse_to_ltp_ltd,0.11473676407969512,True,True,0.029636345376831075,False,True,False
continuation_plus_scale_aware,0.2,0.05,2028,calibrated_short_pulse_to_ltp_ltd,0.08062493968871298,True,True,0.022972201245160067,True,True,False
mini_STL_style_transfer,0.2,0.05,2028,calibrated_short_pulse_to_ltp_ltd,0.09421279411967927,True,True,0.025347870921188533,True,False,True
direct_baseline,0.2,0.05,2029,ltp_ltd,0.17836078997793117,True,True,0.04828439174690313,False,False,False
transition_width_continuation,0.2,0.05,2029,ltp_ltd,0.12787222509202226,True,True,0.03282312629533626,True,False,False
scale_aware_residual_weighting,0.2,0.05,2029,ltp_ltd,0.135100156447844,True,True,0.03472387261758339,False,True,False
continuation_plus_scale_aware,0.2,0.05,2029,ltp_ltd,0.09269452461489969,True,True,0.025064095238933704,True,True,False
mini_STL_style_transfer,0.2,0.05,2029,ltp_ltd,0.09899839082781453,True,True,0.026272501731848173,True,False,True
direct_baseline,0.2,0.05,2029,calibrated_short_pulse_to_ltp_ltd,0.16437633647425356,True,True,0.043491400338048485,False,False,False
transition_width_continuation,0.2,0.05,2029,calibrated_short_pulse_to_ltp_ltd,0.11342378241569064,True,True,0.029336774762833393,True,False,False
scale_aware_residual_weighting,0.2,0.05,2029,calibrated_short_pulse_to_ltp_ltd,0.12124795898500805,True,True,0.031172887903381657,False,True,False
continuation_plus_scale_aware,0.2,0.05,2029,calibrated_short_pulse_to_ltp_ltd,0.08222085432141431,True,True,0.023232089230694693,True,True,False
mini_STL_style_transfer,0.2,0.05,2029,calibrated_short_pulse_to_ltp_ltd,0.08884614812507154,True,True,0.024365458382013615,True,False,True
direct_baseline,0.2,0.05,2030,ltp_ltd,0.18194270069693422,True,True,0.04957496668224565,False,False,False
transition_width_continuation,0.2,0.05,2030,ltp_ltd,0.13013390795422974,True,True,0.0334066543447914,True,False,False
scale_aware_residual_weighting,0.2,0.05,2030,ltp_ltd,0.13734180469835863,True,True,0.035334591663153544,False,True,False
continuation_plus_scale_aware,0.2,0.05,2030,ltp_ltd,0.09433401761340753,True,True,0.025370727224438144,True,True,False
mini_STL_style_transfer,0.2,0.05,2030,ltp_ltd,0.10205236900135256,True,True,0.026886506364139688,True,False,True
direct_baseline,0.2,0.05,2030,calibrated_short_pulse_to_ltp_ltd,0.15200663156182947,True,True,0.03957783638412524,False,False,False
transition_width_continuation,0.2,0.05,2030,calibrated_short_pulse_to_ltp_ltd,0.1127997477017185,True,True,0.02919560342692281,True,False,False
scale_aware_residual_weighting,0.2,0.05,2030,calibrated_short_pulse_to_ltp_ltd,0.11649222027959366,True,True,0.030042257731020833,False,True,False
continuation_plus_scale_aware,0.2,0.05,2030,calibrated_short_pulse_to_ltp_ltd,0.08176849180787225,True,True,0.02315790659788553,True,True,False
mini_STL_style_transfer,0.2,0.05,2030,calibrated_short_pulse_to_ltp_ltd,0.09325293168118572,True,True,0.02516792961248735,True,False,True
direct_baseline,0.1,0.0,2026,ltp_ltd,0.15710807548232522,True,True,0.05181503393071343,False,False,False
transition_width_continuation,0.1,0.0,2026,ltp_ltd,0.10288086650501871,True,True,0.037716559241776915,True,False,False
scale_aware_residual_weighting,0.1,0.0,2026,ltp_ltd,0.10728839874948265,True,True,0.03864288705518143,False,True,False
continuation_plus_scale_aware,0.1,0.0,2026,ltp_ltd,0.07357668526690889,True,True,0.03254561516381921,True,True,False
mini_STL_style_transfer,0.1,0.0,2026,ltp_ltd,0.08541966451897144,True,True,0.03442860563548707,True,False,True
direct_baseline,0.1,0.0,2026,calibrated_short_pulse_to_ltp_ltd,0.12820485173586707,True,True,0.043568570557569096,False,False,False
transition_width_continuation,0.1,0.0,2026,calibrated_short_pulse_to_ltp_ltd,0.09488026098550588,True,True,0.036134350473631144,True,False,False
scale_aware_residual_weighting,0.1,0.0,2026,calibrated_short_pulse_to_ltp_ltd,0.10224227379147617,True,True,0.03758556909900461,False,True,False
continuation_plus_scale_aware,0.1,0.0,2026,calibrated_short_pulse_to_ltp_ltd,0.06785494074578188,True,True,0.031736379532567006,True,True,False
mini_STL_style_transfer,0.1,0.0,2026,calibrated_short_pulse_to_ltp_ltd,0.07273829481011859,True,True,0.032422946080837164,True,False,True
direct_baseline,0.1,0.0,2027,ltp_ltd,0.14984645327966892,True,True,0.04958604610944944,False,False,False
transition_width_continuation,0.1,0.0,2027,ltp_ltd,0.10689679016048002,True,True,0.03855901029556714,True,False,False
scale_aware_residual_weighting,0.1,0.0,2027,ltp_ltd,0.11198227713542701,True,True,0.039672116941389016,False,True,False
continuation_plus_scale_aware,0.1,0.0,2027,ltp_ltd,0.07644872902870396,True,True,0.03297649471905764,True,True,False
mini_STL_style_transfer,0.1,0.0,2027,ltp_ltd,0.08317871360959223,True,True,0.034050784946700004,True,False,True
direct_baseline,0.1,0.0,2027,calibrated_short_pulse_to_ltp_ltd,0.13562333178111968,True,True,0.045525774672365106,False,False,False
transition_width_continuation,0.1,0.0,2027,calibrated_short_pulse_to_ltp_ltd,0.0910937156596069,True,True,0.035430151581626754,True,False,False
scale_aware_residual_weighting,0.1,0.0,2027,calibrated_short_pulse_to_ltp_ltd,0.10035051501786652,True,True,0.03720231241330449,False,True,False
continuation_plus_scale_aware,0.1,0.0,2027,calibrated_short_pulse_to_ltp_ltd,0.06514694009262872,True,True,0.031376210352386,True,True,False
mini_STL_style_transfer,0.1,0.0,2027,calibrated_short_pulse_to_ltp_ltd,0.0687997669496733,True,True,0.0318654944812828,True,False,True
direct_baseline,0.1,0.0,2028,ltp_ltd,0.1548019710339626,True,True,0.05109573678495323,False,False,False
transition_width_continuation,0.1,0.0,2028,ltp_ltd,0.10167641525422462,True,True,0.03747017996790296,True,False,False
scale_aware_residual_weighting,0.1,0.0,2028,ltp_ltd,0.11196687208685188,True,True,0.03966866699386689,False,True,False
continuation_plus_scale_aware,0.1,0.0,2028,ltp_ltd,0.0727153051715664,True,True,0.03241960215514747,True,True,False
mini_STL_style_transfer,0.1,0.0,2028,ltp_ltd,0.08451171103153883,True,True,0.03427431585043176,True,False,True
direct_baseline,0.1,0.0,2028,calibrated_short_pulse_to_ltp_ltd,0.13775999145790074,True,True,0.046109901795434324,False,False,False
transition_width_continuation,0.1,0.0,2028,calibrated_short_pulse_to_ltp_ltd,0.09072491122519459,True,True,0.03536309606577288,True,False,False
scale_aware_residual_weighting,0.1,0.0,2028,calibrated_short_pulse_to_ltp_ltd,0.094067967351295,True,True,0.035980869030557736,False,True,False
continuation_plus_scale_aware,0.1,0.0,2028,calibrated_short_pulse_to_ltp_ltd,0.06488318446228057,True,True,0.031341914174919765,True,True,False
mini_STL_style_transfer,0.1,0.0,2028,calibrated_short_pulse_to_ltp_ltd,0.07646435488747663,True,True,0.03297888411731141,True,False,True
direct_baseline,0.1,0.0,2029,ltp_ltd,0.14847178035058614,True,True,0.049175956109426135,False,False,False
transition_width_continuation,0.1,0.0,2029,ltp_ltd,0.10430646583076697,True,True,0.0380119253630584,True,False,False
scale_aware_residual_weighting,0.1,0.0,2029,ltp_ltd,0.11076307762229867,True,True,0.0394005459133168,False,True,False
continuation_plus_scale_aware,0.1,0.0,2029,ltp_ltd,0.0745962224896264,True,True,0.03269668295867528,True,True,False
mini_STL_style_transfer,0.1,0.0,2029,ltp_ltd,0.08034840873025252,True,True,0.033587953334437155,True,False,True
direct_baseline,0.1,0.0,2029,calibrated_short_pulse_to_ltp_ltd,0.13683078734322218,True,True,0.04585475091391953,False,False,False
transition_width_continuation,0.1,0.0,2029,calibrated_short_pulse_to_ltp_ltd,0.09252074777321356,True,True,0.035692175317468045,True,False,False
scale_aware_residual_weighting,0.1,0.0,2029,calibrated_short_pulse_to_ltp_ltd,0.09940622902081064,True,True,0.0370136849170913,False,True,False
continuation_plus_scale_aware,0.1,0.0,2029,calibrated_short_pulse_to_ltp_ltd,0.06616750199354823,True,True,0.03151022486901965,True,True,False
mini_STL_style_transfer,0.1,0.0,2029,calibrated_short_pulse_to_ltp_ltd,0.07210871372725522,True,True,0.03233175314435268,True,False,True
direct_baseline,0.1,0.0,2030,ltp_ltd,0.15145344835941832,True,True,0.05007023356891243,False,False,False
transition_width_continuation,0.1,0.0,2030,ltp_ltd,0.10615133985260485,True,True,0.03840019350145665,True,False,False
scale_aware_residual_weighting,0.1,0.0,2030,ltp_ltd,0.11260091308971719,True,True,0.03981105217759148,False,True,False
continuation_plus_scale_aware,0.1,0.0,2030,ltp_ltd,0.07591560985360471,True,True,0.032895266368398166,True,True,False
mini_STL_style_transfer,0.1,0.0,2030,ltp_ltd,0.08282705797382954,True,True,0.03399240808155356,True,False,True
direct_baseline,0.1,0.0,2030,calibrated_short_pulse_to_ltp_ltd,0.12653394961904393,True,True,0.04314292695514819,False,False,False
transition_width_continuation,0.1,0.0,2030,calibrated_short_pulse_to_ltp_ltd,0.09201171732877338,True,True,0.035598242674743534,True,False,False
scale_aware_residual_weighting,0.1,0.0,2030,calibrated_short_pulse_to_ltp_ltd,0.0955071938958399,True,True,0.036253710634811,False,True,False
continuation_plus_scale_aware,0.1,0.0,2030,calibrated_short_pulse_to_ltp_ltd,0.06580346177815967,True,True,0.03146218213094316,True,True,False
mini_STL_style_transfer,0.1,0.0,2030,calibrated_short_pulse_to_ltp_ltd,0.07568531778507528,True,True,0.032860353877181274,True,False,True
direct_baseline,0.1,0.02,2026,ltp_ltd,0.18539463787426105,True,True,0.06150325830148183,False,False,False
transition_width_continuation,0.1,0.02,2026,ltp_ltd,0.12140407761556424,True,True,0.04187103661063939,True,False,False
scale_aware_residual_weighting,0.1,0.02,2026,ltp_ltd,0.12660516509545924,True,True,0.04316095437780193,False,True,False
continuation_plus_scale_aware,0.1,0.02,2026,ltp_ltd,0.08682381780293429,True,True,0.03467046188683057,True,True,False
mini_STL_style_transfer,0.1,0.02,2026,ltp_ltd,0.10079906918990411,True,True,0.037292538898504514,True,False,True
direct_baseline,0.1,0.02,2026,calibrated_short_pulse_to_ltp_ltd,0.15128752604425083,True,True,0.050020002085543316,False,False,False
transition_width_continuation,0.1,0.02,2026,calibrated_short_pulse_to_ltp_ltd,0.11196300109221415,True,True,0.039667800162528584,True,False,False
scale_aware_residual_weighting,0.1,0.02,2026,calibrated_short_pulse_to_ltp_ltd,0.12065050931862663,True,True,0.04168863194779745,False,True,False
continuation_plus_scale_aware,0.1,0.02,2026,calibrated_short_pulse_to_ltp_ltd,0.08007190037127612,True,True,0.033543595778021004,True,True,False
mini_STL_style_transfer,0.1,0.02,2026,calibrated_short_pulse_to_ltp_ltd,0.08583447912854285,True,True,0.034499644356221694,True,False,True
direct_baseline,0.1,0.02,2027,ltp_ltd,0.17682559510221962,True,True,0.05839937763220755,False,False,False
transition_width_continuation,0.1,0.02,2027,ltp_ltd,0.12614304924098327,True,True,0.04304415542076657,True,False,False
scale_aware_residual_weighting,0.1,0.02,2027,ltp_ltd,0.13214415397885293,True,True,0.044594163979740226,False,True,False
continuation_plus_scale_aware,0.1,0.02,2027,ltp_ltd,0.09021295939570322,True,True,0.03527046459188424,True,True,False
mini_STL_style_transfer,0.1,0.02,2027,ltp_ltd,0.09815464571859059,True,True,0.036766421025095475,True,False,True
direct_baseline,0.1,0.02,2027,calibrated_short_pulse_to_ltp_ltd,0.16004166816803855,True,True,0.052745422098962005,False,False,False
transition_width_continuation,0.1,0.02,2027,calibrated_short_pulse_to_ltp_ltd,0.10749470627455858,True,True,0.03868719842600706,True,False,False
scale_aware_residual_weighting,0.1,0.02,2027,calibrated_short_pulse_to_ltp_ltd,0.1184181483677201,True,True,0.04115494441179281,False,True,False
continuation_plus_scale_aware,0.1,0.02,2027,calibrated_short_pulse_to_ltp_ltd,0.07687633706930523,True,True,0.033042057750146875,True,True,False
mini_STL_style_transfer,0.1,0.02,2027,calibrated_short_pulse_to_ltp_ltd,0.08118683804323727,True,True,0.03372338922041228,True,False,True
direct_baseline,0.1,0.02,2028,ltp_ltd,0.18267333027888852,True,True,0.06050163214413333,False,False,False
transition_width_continuation,0.1,0.02,2028,ltp_ltd,0.11998277064077865,True,True,0.04152795179959114,True,False,False
scale_aware_residual_weighting,0.1,0.02,2028,ltp_ltd,0.1321259753244887,True,True,0.044589359904400834,False,True,False
continuation_plus_scale_aware,0.1,0.02,2028,ltp_ltd,0.08580735031481918,True,True,0.03449498791700353,True,True,False
mini_STL_style_transfer,0.1,0.02,2028,ltp_ltd,0.09972764299177606,True,True,0.037077689325648575,True,False,True
direct_baseline,0.1,0.02,2028,calibrated_short_pulse_to_ltp_ltd,0.16256302326593056,True,True,0.05355882308231292,False,False,False
transition_width_continuation,0.1,0.02,2028,calibrated_short_pulse_to_ltp_ltd,0.10705950035433849,True,True,0.038593823165074044,True,False,False
scale_aware_residual_weighting,0.1,0.02,2028,calibrated_short_pulse_to_ltp_ltd,0.11100445784929196,True,True,0.03945407621136867,False,True,False
continuation_plus_scale_aware,0.1,0.02,2028,calibrated_short_pulse_to_ltp_ltd,0.07656509349111504,True,True,0.032994300090256626,True,True,False
mini_STL_style_transfer,0.1,0.02,2028,calibrated_short_pulse_to_ltp_ltd,0.09023139861609174,True,True,0.03527379184516948,True,False,True
direct_baseline,0.1,0.02,2029,ltp_ltd,0.17520341884488572,True,True,0.05782832452388989,False,False,False
transition_width_continuation,0.1,0.02,2029,ltp_ltd,0.1230863493252742,True,True,0.042282335939176866,True,False,False
scale_aware_residual_weighting,0.1,0.02,2029,ltp_ltd,0.1307054433871855,True,True,0.044215999479994196,False,True,False
continuation_plus_scale_aware,0.1,0.02,2029,ltp_ltd,0.08802691785762438,True,True,0.034880824816466385,True,True,False
mini_STL_style_transfer,0.1,0.02,2029,ltp_ltd,0.09481475789571436,True,True,0.03612192486377637,True,False,True
direct_baseline,0.1,0.02,2029,calibrated_short_pulse_to_ltp_ltd,0.16146652036610673,True,True,0.0532035237480918,False,False,False
transition_width_continuation,0.1,0.02,2029,calibrated_short_pulse_to_ltp_ltd,0.10917866873877202,True,True,0.03905206825652395,True,False,False
scale_aware_residual_weighting,0.1,0.02,2029,calibrated_short_pulse_to_ltp_ltd,0.11730384816426812,True,True,0.04089227934309911,False,True,False
continuation_plus_scale_aware,0.1,0.02,2029,calibrated_short_pulse_to_ltp_ltd,0.0780806462906382,True,True,0.03322867387411719,True,True,False
mini_STL_style_transfer,0.1,0.02,2029,calibrated_short_pulse_to_ltp_ltd,0.08509154496356372,True,True,0.03437265757323962,True,False,True
direct_baseline,0.1,0.02,2030,ltp_ltd,0.17872192200942164,True,True,0.05907361195569523,False,False,False
transition_width_continuation,0.1,0.02,2030,ltp_ltd,0.12526338414765503,True,True,0.04282300195707643,True,False,False
scale_aware_residual_weighting,0.1,0.02,2030,ltp_ltd,0.132874172396872,True,True,0.044787632239107096,False,True,False
continuation_plus_scale_aware,0.1,0.02,2030,ltp_ltd,0.08958385464658118,True,True,0.03515735356229322,True,True,False
mini_STL_style_transfer,0.1,0.02,2030,ltp_ltd,0.0977396761567236,True,True,0.03668513084417464,True,False,True
direct_baseline,0.1,0.02,2030,calibrated_short_pulse_to_ltp_ltd,0.1493157859416448,True,True,0.04942729048032453,False,False,False
transition_width_continuation,0.1,0.02,2030,calibrated_short_pulse_to_ltp_ltd,0.10857798978179134,True,True,0.038921266414008227,True,False,False
scale_aware_residual_weighting,0.1,0.02,2030,calibrated_short_pulse_to_ltp_ltd,0.1127028102937845,True,True,0.039834009997070215,False,True,False
continuation_plus_scale_aware,0.1,0.02,2030,calibrated_short_pulse_to_ltp_ltd,0.07765106236443685,True,True,0.0331617740352791,True,True,False
mini_STL_style_transfer,0.1,0.02,2030,calibrated_short_pulse_to_ltp_ltd,0.08931209958549187,True,True,0.035108737681322257,True,False,True
direct_baseline,0.1,0.05,2026,ltp_ltd,0.2278244814621648,False,True,0.07903608090245771,False,False,False
transition_width_continuation,0.1,0.05,2026,ltp_ltd,0.14918889428138252,True,True,0.04938941272585497,True,False,False
scale_aware_residual_weighting,0.1,0.05,2026,ltp_ltd,0.15558031461442415,True,True,0.05133732084447663,False,True,False
continuation_plus_scale_aware,0.1,0.05,2026,ltp_ltd,0.10669451660697236,True,True,0.03851580642294894,True,True,False
mini_STL_style_transfer,0.1,0.05,2026,ltp_ltd,0.1238681761963031,True,True,0.042475411623151826,True,False,True
direct_baseline,0.1,0.05,2026,calibrated_short_pulse_to_ltp_ltd,0.18591153750682649,True,True,0.06169518632710559,False,False,False
transition_width_continuation,0.1,0.05,2026,calibrated_short_pulse_to_ltp_ltd,0.13758711125227654,True,True,0.04606229973169976,True,False,False
scale_aware_residual_weighting,0.1,0.05,2026,calibrated_short_pulse_to_ltp_ltd,0.14826286260935234,True,True,0.04911396297807313,False,True,False
continuation_plus_scale_aware,0.1,0.05,2026,calibrated_short_pulse_to_ltp_ltd,0.09839733980951748,True,True,0.03681412303054309,True,True,False
mini_STL_style_transfer,0.1,0.05,2026,calibrated_short_pulse_to_ltp_ltd,0.10547875560617924,True,True,0.038257854433181526,True,False,True
direct_baseline,0.1,0.05,2027,ltp_ltd,0.21729430783604567,False,True,0.07434890276689962,False,False,False
transition_width_continuation,0.1,0.05,2027,ltp_ltd,0.15501243786173816,True,True,0.05116094244079267,True,False,False
scale_aware_residual_weighting,0.1,0.05,2027,ltp_ltd,0.16238696924399182,True,True,0.053501614329202585,False,True,False
continuation_plus_scale_aware,0.1,0.05,2027,ltp_ltd,0.11085930494620211,True,True,0.039421872042108466,True,True,False
mini_STL_style_transfer,0.1,0.05,2027,ltp_ltd,0.12061854388208815,True,True,0.04168091967718866,True,False,True
direct_baseline,0.1,0.05,2027,calibrated_short_pulse_to_ltp_ltd,0.19666917274841683,True,True,0.06581085005850007,False,False,False
transition_width_continuation,0.1,0.05,2027,calibrated_short_pulse_to_ltp_ltd,0.13209619219698607,True,True,0.04458149054189652,True,False,False
scale_aware_residual_weighting,0.1,0.05,2027,calibrated_short_pulse_to_ltp_ltd,0.1455195983925005,True,True,0.04830804006526807,False,True,False
continuation_plus_scale_aware,0.1,0.05,2027,calibrated_short_pulse_to_ltp_ltd,0.09447043253431997,True,True,0.03605674917217494,True,True,False
mini_STL_style_transfer,0.1,0.05,2027,calibrated_short_pulse_to_ltp_ltd,0.09976744468358324,True,True,0.03708562956764528,True,False,True
direct_baseline,0.1,0.05,2028,ltp_ltd,0.22448036914627745,False,True,0.07752352268100243,False,False,False
transition_width_continuation,0.1,0.05,2028,ltp_ltd,0.1474423037206097,True,True,0.04887131947539396,True,False,False
scale_aware_residual_weighting,0.1,0.05,2028,ltp_ltd,0.16236463018094396,True,True,0.05349435968274814,False,True,False
continuation_plus_scale_aware,0.1,0.05,2028,ltp_ltd,0.10544541802969835,True,True,0.038250822732411274,True,True,False
mini_STL_style_transfer,0.1,0.05,2028,ltp_ltd,0.12255154093213189,True,True,0.042150966733793434,True,False,True
direct_baseline,0.1,0.05,2028,calibrated_short_pulse_to_ltp_ltd,0.19976757097797523,True,True,0.06703916896339382,False,False,False
transition_width_continuation,0.1,0.05,2028,calibrated_short_pulse_to_ltp_ltd,0.13156138404805431,True,True,0.044440484321593074,True,False,False
scale_aware_residual_weighting,0.1,0.05,2028,calibrated_short_pulse_to_ltp_ltd,0.1364091935962874,True,True,0.04573955464654285,False,True,False
continuation_plus_scale_aware,0.1,0.05,2028,calibrated_short_pulse_to_ltp_ltd,0.09408795703436673,True,True,0.03598463020785428,True,True,False
mini_STL_style_transfer,0.1,0.05,2028,calibrated_short_pulse_to_ltp_ltd,0.11088196420901437,True,True,0.039426896535802586,True,False,True
direct_baseline,0.1,0.05,2029,ltp_ltd,0.21530087658633507,False,True,0.07348655400779772,False,False,False
transition_width_continuation,0.1,0.05,2029,ltp_ltd,0.15125617456703502,True,True,0.05001051689360681,True,False,False
scale_aware_residual_weighting,0.1,0.05,2029,ltp_ltd,0.1606189920345158,True,True,0.05293054715113729,False,True,False
continuation_plus_scale_aware,0.1,0.05,2029,ltp_ltd,0.10817296090962138,True,True,0.03883347602090791,True,True,False
mini_STL_style_transfer,0.1,0.05,2029,ltp_ltd,0.11651428164390712,True,True,0.04070766437594915,True,False,True
direct_baseline,0.1,0.05,2029,calibrated_short_pulse_to_ltp_ltd,0.19842011990043357,True,True,0.06650263053025587,False,False,False
transition_width_continuation,0.1,0.05,2029,calibrated_short_pulse_to_ltp_ltd,0.13416555018710968,True,True,0.045132481405963286,True,False,False
scale_aware_residual_weighting,0.1,0.05,2029,calibrated_short_pulse_to_ltp_ltd,0.1441502768794543,True,True,0.04791138887337677,False,True,False
continuation_plus_scale_aware,0.1,0.05,2029,calibrated_short_pulse_to_ltp_ltd,0.09595036273627314,True,True,0.036338558658175826,True,True,False
mini_STL_style_transfer,0.1,0.05,2029,calibrated_short_pulse_to_ltp_ltd,0.10456579181802646,True,True,0.03806609136748429,True,False,True
direct_baseline,0.1,0.05,2030,ltp_ltd,0.21962463248442662,False,True,0.0753670657428729,False,False,False
transition_width_continuation,0.1,0.05,2030,ltp_ltd,0.15393145059023036,True,True,0.05082697802976597,True,False,False
scale_aware_residual_weighting,0.1,0.05,2030,ltp_ltd,0.1632840613576042,True,True,0.053793771242387295,False,True,False
continuation_plus_scale_aware,0.1,0.05,2030,ltp_ltd,0.11008622183604591,True,True,0.03925106278708855,True,True,False
mini_STL_style_transfer,0.1,0.05,2030,ltp_ltd,0.12010860343106469,True,True,0.04155816316711421,True,False,True
direct_baseline,0.1,0.05,2030,calibrated_short_pulse_to_ltp_ltd,0.18348854042554608,True,True,0.060800131016450695,False,False,False
transition_width_continuation,0.1,0.05,2030,calibrated_short_pulse_to_ltp_ltd,0.13342739846131832,True,True,0.04493495720910885,True,False,False
scale_aware_residual_weighting,0.1,0.05,2030,calibrated_short_pulse_to_ltp_ltd,0.1384962348907014,True,True,0.046313293627853774,False,True,False
continuation_plus_scale_aware,0.1,0.05,2030,calibrated_short_pulse_to_ltp_ltd,0.09542246324385266,True,True,0.036237533040477846,True,True,False
mini_STL_style_transfer,0.1,0.05,2030,calibrated_short_pulse_to_ltp_ltd,0.10975227228611673,True,True,0.03917764782091934,True,False,True
direct_baseline,0.05,0.0,2026,ltp_ltd,0.22149446886172922,False,True,0.09375128525922832,False,False,False
transition_width_continuation,0.05,0.0,2026,ltp_ltd,0.14355763629810264,True,True,0.0653002804623871,True,False,False
scale_aware_residual_weighting,0.05,0.0,2026,ltp_ltd,0.15009851555859272,True,True,0.0672210498957819,False,True,False
continuation_plus_scale_aware,0.05,0.0,2026,ltp_ltd,0.10194672722618885,True,True,0.055084620715019746,True,True,False
mini_STL_style_transfer,0.05,0.0,2026,ltp_ltd,0.11888261808415977,True,True,0.05882456240543298,True,False,True
direct_baseline,0.05,0.0,2026,calibrated_short_pulse_to_ltp_ltd,0.18074605938335273,True,True,0.07736062350549927,False,False,False
transition_width_continuation,0.05,0.0,2026,calibrated_short_pulse_to_ltp_ltd,0.13239377214772843,True,True,0.06221959642639342,True,False,False
scale_aware_residual_weighting,0.05,0.0,2026,calibrated_short_pulse_to_ltp_ltd,0.14303889052598787,True,True,0.06515160972579434,False,True,False
continuation_plus_scale_aware,0.05,0.0,2026,calibrated_short_pulse_to_ltp_ltd,0.09401876572809702,True,True,0.05353101383192358,True,True,False
mini_STL_style_transfer,0.05,0.0,2026,calibrated_short_pulse_to_ltp_ltd,0.10123335148528717,True,True,0.054939676975832484,True,False,True
direct_baseline,0.05,0.0,2027,ltp_ltd,0.21125687192144435,False,True,0.08932095145692234,False,False,False
transition_width_continuation,0.05,0.0,2027,ltp_ltd,0.14916136541816735,True,True,0.06694059845630085,True,False,False
scale_aware_residual_weighting,0.05,0.0,2027,ltp_ltd,0.1566653409204654,True,True,0.06923551456861445,False,True,False
continuation_plus_scale_aware,0.05,0.0,2027,ltp_ltd,0.10592618703608989,True,True,0.05591184262289349,True,True,False
mini_STL_style_transfer,0.05,0.0,2027,ltp_ltd,0.11576377990321711,True,True,0.05809273826036929,True,False,True
direct_baseline,0.05,0.0,2027,calibrated_short_pulse_to_ltp_ltd,0.1912047980085956,True,True,0.08125076030439664,False,False,False
transition_width_continuation,0.05,0.0,2027,calibrated_short_pulse_to_ltp_ltd,0.12711011236541925,True,True,0.0608484661884383,True,False,False
scale_aware_residual_weighting,0.05,0.0,2027,calibrated_short_pulse_to_ltp_ltd,0.14039228393083517,True,True,0.06440147891020503,False,True,False
continuation_plus_scale_aware,0.05,0.0,2027,calibrated_short_pulse_to_ltp_ltd,0.09026660153486296,True,True,0.052839544875542516,True,True,False
mini_STL_style_transfer,0.05,0.0,2027,calibrated_short_pulse_to_ltp_ltd,0.09575191455757422,True,True,0.05385991466432978,True,False,True
direct_baseline,0.05,0.0,2028,ltp_ltd,0.218243271376421,False,True,0.09232161102397093,False,False,False
transition_width_continuation,0.05,0.0,2028,ltp_ltd,0.14187697224001117,True,True,0.06482056077488169,True,False,False
scale_aware_residual_weighting,0.05,0.0,2028,ltp_ltd,0.15664378896377495,True,True,0.06922876214381646,False,True,False
continuation_plus_scale_aware,0.05,0.0,2028,ltp_ltd,0.10075321217044274,True,True,0.05484269528555104,True,True,False
mini_STL_style_transfer,0.05,0.0,2028,ltp_ltd,0.11761897594399824,True,True,0.058525709025003626,True,False,True
direct_baseline,0.05,0.0,2028,calibrated_short_pulse_to_ltp_ltd,0.19421710847573093,True,True,0.08241177074756262,False,False,False
transition_width_continuation,0.05,0.0,2028,calibrated_short_pulse_to_ltp_ltd,0.12659549099160036,True,True,0.06071790386229316,True,False,False
scale_aware_residual_weighting,0.05,0.0,2028,calibrated_short_pulse_to_ltp_ltd,0.13160287995361317,True,True,0.06201080353497391,False,True,False
continuation_plus_scale_aware,0.05,0.0,2028,calibrated_short_pulse_to_ltp_ltd,0.08990114577664375,True,True,0.05277370153484214,True,True,False
mini_STL_style_transfer,0.05,0.0,2028,calibrated_short_pulse_to_ltp_ltd,0.10641908687338167,True,True,0.056016507573853146,True,False,True
direct_baseline,0.05,0.0,2029,ltp_ltd,0.2093188273661214,False,True,0.08850585701281692,False,False,False
transition_width_continuation,0.05,0.0,2029,ltp_ltd,0.1455468853826504,True,True,0.06587538136747917,True,False,False
scale_aware_residual_weighting,0.05,0.0,2029,ltp_ltd,0.1549596575546653,True,True,0.06870398099234792,False,True,False
continuation_plus_scale_aware,0.05,0.0,2029,ltp_ltd,0.10335938237318654,True,True,0.05537464744745538,True,True,False
mini_STL_style_transfer,0.05,0.0,2029,ltp_ltd,0.11182470971455412,True,True,0.057196251225633085,True,False,True
direct_baseline,0.05,0.0,2029,calibrated_short_pulse_to_ltp_ltd,0.19290709579043128,True,True,0.08190463312918742,False,False,False
transition_width_continuation,0.05,0.0,2029,calibrated_short_pulse_to_ltp_ltd,0.12910136072976758,True,True,0.061358646865166365,True,False,False
scale_aware_residual_weighting,0.05,0.0,2029,calibrated_short_pulse_to_ltp_ltd,0.13907120981589938,True,True,0.0640322869225467,False,True,False
continuation_plus_scale_aware,0.05,0.0,2029,calibrated_short_pulse_to_ltp_ltd,0.09168067646026974,True,True,0.05309683195910145,True,True,False
mini_STL_style_transfer,0.05,0.0,2029,calibrated_short_pulse_to_ltp_ltd,0.10035713348737597,True,True,0.05476303976469179,True,False,True
direct_baseline,0.05,0.0,2030,ltp_ltd,0.21352244942635465,False,True,0.09028332193191897,False,False,False
transition_width_continuation,0.05,0.0,2030,ltp_ltd,0.14812118090367327,True,True,0.06663136975518749,True,False,False
scale_aware_residual_weighting,0.05,0.0,2030,ltp_ltd,0.15753082441628072,True,True,0.06950744616416185,False,True,False
continuation_plus_scale_aware,0.05,0.0,2030,ltp_ltd,0.10518750527942015,True,True,0.05575589678979683,True,True,False
mini_STL_style_transfer,0.05,0.0,2030,ltp_ltd,0.11527436399554597,True,True,0.05797966451746642,True,False,True
direct_baseline,0.05,0.0,2030,calibrated_short_pulse_to_ltp_ltd,0.17839038431223067,True,True,0.07651461473795415,False,False,False
transition_width_continuation,0.05,0.0,2030,calibrated_short_pulse_to_ltp_ltd,0.12839107115027573,True,True,0.06117575267400396,True,False,False
scale_aware_residual_weighting,0.05,0.0,2030,calibrated_short_pulse_to_ltp_ltd,0.13361638533170286,True,True,0.0625448239519989,False,True,False
continuation_plus_scale_aware,0.05,0.0,2030,calibrated_short_pulse_to_ltp_ltd,0.09117626791831177,True,True,0.05300459735440056,True,True,False
mini_STL_style_transfer,0.05,0.0,2030,calibrated_short_pulse_to_ltp_ltd,0.10533486381022973,True,True,0.05578691905680844,True,False,True
direct_baseline,0.05,0.02,2026,ltp_ltd,0.24978103125366505,False,True,0.10708204909703319,False,False,False
transition_width_continuation,0.05,0.02,2026,ltp_ltd,0.16189106040956472,True,True,0.07090020096342212,True,False,False
scale_aware_residual_weighting,0.05,0.02,2026,ltp_ltd,0.16926726070651588,True,True,0.07334289106997641,False,True,False
continuation_plus_scale_aware,0.05,0.02,2026,ltp_ltd,0.11496611536331408,True,True,0.05790869320461963,True,True,False
mini_STL_style_transfer,0.05,0.02,2026,ltp_ltd,0.13406485090033687,True,True,0.06266486976981835,True,False,True
direct_baseline,0.05,0.02,2026,calibrated_short_pulse_to_ltp_ltd,0.20382873369173649,False,True,0.08623763820126562,False,False,False
transition_width_continuation,0.05,0.02,2026,calibrated_short_pulse_to_ltp_ltd,0.14930148417957287,True,True,0.06698241870111205,True,False,False
scale_aware_residual_weighting,0.05,0.02,2026,calibrated_short_pulse_to_ltp_ltd,0.1613060667770682,True,True,0.07071113270197678,False,True,False
continuation_plus_scale_aware,0.05,0.02,2026,calibrated_short_pulse_to_ltp_ltd,0.10602569166375467,True,True,0.055932932815666365,True,True,False
mini_STL_style_transfer,0.05,0.02,2026,calibrated_short_pulse_to_ltp_ltd,0.11416163600475726,True,True,0.057724364658171476,True,False,True
direct_baseline,0.05,0.02,2027,ltp_ltd,0.23823601374399503,False,True,0.10144788376751779,False,False,False
transition_width_continuation,0.05,0.02,2027,ltp_ltd,0.1682104292212064,True,True,0.07298623402167129,True,False,False
scale_aware_residual_weighting,0.05,0.02,2027,ltp_ltd,0.17667272062332867,True,True,0.07590473573533754,False,True,False
continuation_plus_scale_aware,0.05,0.02,2027,ltp_ltd,0.11945378307013212,True,True,0.058960691812654974,True,True,False
mini_STL_style_transfer,0.05,0.02,2027,ltp_ltd,0.13054771288261294,True,True,0.061734190861769934,True,False,True
direct_baseline,0.05,0.02,2027,calibrated_short_pulse_to_ltp_ltd,0.21562313439551448,False,True,0.09118482160943489,False,False,False
transition_width_continuation,0.05,0.02,2027,calibrated_short_pulse_to_ltp_ltd,0.1433430600437423,True,True,0.0652387183855927,True,False,False
scale_aware_residual_weighting,0.05,0.02,2027,calibrated_short_pulse_to_ltp_ltd,0.15832146798298877,True,True,0.06975717274717733,False,True,False
continuation_plus_scale_aware,0.05,0.02,2027,calibrated_short_pulse_to_ltp_ltd,0.10179434698758513,True,True,0.05505357460151768,True,True,False
mini_STL_style_transfer,0.05,0.02,2027,calibrated_short_pulse_to_ltp_ltd,0.10798017704737456,True,True,0.05635120415807115,True,False,True
direct_baseline,0.05,0.02,2028,ltp_ltd,0.24611463062134692,False,True,0.10526389692877083,False,False,False
transition_width_continuation,0.05,0.02,2028,ltp_ltd,0.1599957625098997,True,True,0.07029012954401301,True,False,False
scale_aware_residual_weighting,0.05,0.02,2028,ltp_ltd,0.17664841631453335,True,True,0.07589614850932148,False,True,False
continuation_plus_scale_aware,0.05,0.02,2028,ltp_ltd,0.1136201791736969,True,True,0.05760103063835178,True,True,False
mini_STL_style_transfer,0.05,0.02,2028,ltp_ltd,0.1326398318534632,True,True,0.06228481051700378,True,False,True
direct_baseline,0.05,0.02,2028,calibrated_short_pulse_to_ltp_ltd,0.2190201402837607,False,True,0.092661307372807,False,False,False
transition_width_continuation,0.05,0.02,2028,calibrated_short_pulse_to_ltp_ltd,0.14276271752720793,True,True,0.06507267903864215,True,False,False
scale_aware_residual_weighting,0.05,0.02,2028,calibrated_short_pulse_to_ltp_ltd,0.14840958891522701,True,True,0.06671689160487546,False,True,False
continuation_plus_scale_aware,0.05,0.02,2028,calibrated_short_pulse_to_ltp_ltd,0.10138221969323463,True,True,0.054969839992816086,True,True,False
mini_STL_style_transfer,0.05,0.02,2028,calibrated_short_pulse_to_ltp_ltd,0.1200096300413735,True,True,0.05909379682555613,True,False,True
direct_baseline,0.05,0.02,2029,ltp_ltd,0.23605046586042097,False,True,0.10041130795581056,False,False,False
transition_width_continuation,0.05,0.02,2029,ltp_ltd,0.16413435203807455,True,True,0.07163157104184738,True,False,False
scale_aware_residual_weighting,0.05,0.02,2029,ltp_ltd,0.17474920825621967,True,True,0.07522877130906443,False,True,False
continuation_plus_scale_aware,0.05,0.02,2029,ltp_ltd,0.11655917753428485,True,True,0.05827752739035773,True,True,False
mini_STL_style_transfer,0.05,0.02,2029,ltp_ltd,0.1261055928650741,True,True,0.060594106074740625,True,False,True
direct_baseline,0.05,0.02,2029,calibrated_short_pulse_to_ltp_ltd,0.21754282881331582,False,True,0.09201636789098842,False,False,False
transition_width_continuation,0.05,0.02,2029,calibrated_short_pulse_to_ltp_ltd,0.14558860627559694,True,True,0.06588752780015958,True,False,False
scale_aware_residual_weighting,0.05,0.02,2029,calibrated_short_pulse_to_ltp_ltd,0.15683168245251042,True,True,0.06928766214377385,False,True,False
continuation_plus_scale_aware,0.05,0.02,2029,calibrated_short_pulse_to_ltp_ltd,0.1033890102536848,True,True,0.05538077296412533,True,True,False
mini_STL_style_transfer,0.05,0.02,2029,calibrated_short_pulse_to_ltp_ltd,0.11317351816937282,True,True,0.05749973073772215,True,False,True
direct_baseline,0.05,0.02,2030,ltp_ltd,0.24079092307635797,False,True,0.10267175415885332,False,False,False
transition_width_continuation,0.05,0.02,2030,ltp_ltd,0.16703740507274958,True,True,0.07259298021632662,True,False,False
scale_aware_residual_weighting,0.05,0.02,2030,ltp_ltd,0.17764873307740367,True,True,0.07625055788689541,False,True,False
continuation_plus_scale_aware,0.05,0.02,2030,ltp_ltd,0.11862076592122799,True,True,0.05876237163062755,True,True,False
mini_STL_style_transfer,0.05,0.02,2030,ltp_ltd,0.1299957947658388,True,True,0.061590392179690874,True,False,True
direct_baseline,0.05,0.02,2030,calibrated_short_pulse_to_ltp_ltd,0.20117222063483153,False,True,0.08516174787803812,False,False,False
transition_width_continuation,0.05,0.02,2030,calibrated_short_pulse_to_ltp_ltd,0.1447876072052095,True,True,0.06565493672309883,True,False,False
scale_aware_residual_weighting,0.05,0.02,2030,calibrated_short_pulse_to_ltp_ltd,0.15068023455418428,True,True,0.06739601860819278,False,True,False
continuation_plus_scale_aware,0.05,0.02,2030,calibrated_short_pulse_to_ltp_ltd,0.10282018482688793,True,True,0.055263475930724185,True,True,False
mini_STL_style_transfer,0.05,0.02,2030,calibrated_short_pulse_to_ltp_ltd,0.11878694327987174,True,True,0.05880182341666426,True,False,True
direct_baseline,0.05,0.05,2026,ltp_ltd,0.2922108748415688,False,True,0.13007868089856378,False,False,False
transition_width_continuation,0.05,0.05,2026,ltp_ltd,0.18939119657675785,True,True,0.08056051086366492,True,False,False
scale_aware_residual_weighting,0.05,0.05,2026,ltp_ltd,0.1980203784284006,True,True,0.08390355579581577,False,True,False
continuation_plus_scale_aware,0.05,0.05,2026,ltp_ltd,0.13449519756900197,True,True,0.06278044369201366,True,True,False
mini_STL_style_transfer,0.05,0.05,2026,ltp_ltd,0.15683820012460256,True,True,0.06928970654121368,True,False,True
direct_baseline,0.05,0.05,2026,calibrated_short_pulse_to_ltp_ltd,0.2384527451543122,False,True,0.10155119719451615,False,False,False
transition_width_continuation,0.05,0.05,2026,calibrated_short_pulse_to_ltp_ltd,0.17466305222733958,True,True,0.07519866733625914,True,False,False
scale_aware_residual_weighting,0.05,0.05,2026,calibrated_short_pulse_to_ltp_ltd,0.18870683115368878,True,True,0.0803017536469556,False,True,False
continuation_plus_scale_aware,0.05,0.05,2026,calibrated_short_pulse_to_ltp_ltd,0.12403608056724116,True,True,0.060076434805371934,True,True,False
mini_STL_style_transfer,0.05,0.05,2026,calibrated_short_pulse_to_ltp_ltd,0.13355406278396242,True,True,0.06252817320899137,True,False,True
direct_baseline,0.05,0.05,2027,ltp_ltd,0.27870472647782113,False,True,0.12236781008396588,False,False,False
transition_width_continuation,0.05,0.05,2027,ltp_ltd,0.19678402492576508,True,True,0.08341543798887292,True,False,False
scale_aware_residual_weighting,0.05,0.05,2027,ltp_ltd,0.20668379017762362,False,True,0.08740967464507673,False,True,False
continuation_plus_scale_aware,0.05,0.05,2027,ltp_ltd,0.13974517712119552,True,True,0.0642202000515231,True,True,False
mini_STL_style_transfer,0.05,0.05,2027,ltp_ltd,0.1527236123517067,True,True,0.06801598729264317,True,False,True
direct_baseline,0.05,0.05,2027,calibrated_short_pulse_to_ltp_ltd,0.2522506389758928,False,True,0.10832187038663499,False,False,False
transition_width_continuation,0.05,0.05,2027,calibrated_short_pulse_to_ltp_ltd,0.16769248156122693,True,True,0.07281225389505122,True,False,False
scale_aware_residual_weighting,0.05,0.05,2027,calibrated_short_pulse_to_ltp_ltd,0.18521524406121911,True,True,0.07899617215554575,False,True,False
continuation_plus_scale_aware,0.05,0.05,2027,calibrated_short_pulse_to_ltp_ltd,0.11908596516666842,True,True,0.058872952622565755,True,True,False
mini_STL_style_transfer,0.05,0.05,2027,calibrated_short_pulse_to_ltp_ltd,0.1263225707820751,True,True,0.06064887741188116,True,False,True
direct_baseline,0.05,0.05,2028,ltp_ltd,0.2879216694887359,False,True,0.12759037328406964,False,False,False
transition_width_continuation,0.05,0.05,2028,ltp_ltd,0.1871739479147325,True,True,0.07972557230087579,True,False,False
scale_aware_residual_weighting,0.05,0.05,2028,ltp_ltd,0.20665535734067095,False,True,0.0873979222404892,False,True,False
continuation_plus_scale_aware,0.05,0.05,2028,ltp_ltd,0.13292062967857815,True,True,0.0623593793170385,True,True,False
mini_STL_style_transfer,0.05,0.05,2028,ltp_ltd,0.15517111571766062,True,True,0.06876956067595241,True,False,True
direct_baseline,0.05,0.05,2028,calibrated_short_pulse_to_ltp_ltd,0.25622468799580544,False,True,0.11034257626143663,False,False,False
transition_width_continuation,0.05,0.05,2028,calibrated_short_pulse_to_ltp_ltd,0.16701355733061932,True,True,0.07258501385511686,True,False,False
scale_aware_residual_weighting,0.05,0.05,2028,calibrated_short_pulse_to_ltp_ltd,0.17361965235764776,True,True,0.07483526920767926,False,True,False
continuation_plus_scale_aware,0.05,0.05,2028,calibrated_short_pulse_to_ltp_ltd,0.11860383056812099,True,True,0.05875835414832034,True,True,False
mini_STL_style_transfer,0.05,0.05,2028,calibrated_short_pulse_to_ltp_ltd,0.14039544479336125,True,True,0.06440236644161454,True,False,True
direct_baseline,0.05,0.05,2029,ltp_ltd,0.27614792360187035,False,True,0.12094916123251322,False,False,False
transition_width_continuation,0.05,0.05,2029,ltp_ltd,0.19201555202121082,True,True,0.08156145774089911,True,False,False
scale_aware_residual_weighting,0.05,0.05,2029,ltp_ltd,0.2044335343085513,False,True,0.08648455547277441,False,True,False
continuation_plus_scale_aware,0.05,0.05,2029,ltp_ltd,0.13635887027593235,True,True,0.06328522702581733,True,True,False
mini_STL_style_transfer,0.05,0.05,2029,ltp_ltd,0.14752691759085418,True,True,0.06645567693674748,True,False,True
direct_baseline,0.05,0.05,2029,calibrated_short_pulse_to_ltp_ltd,0.2544964283476427,False,True,0.10945991756459562,False,False,False
transition_width_continuation,0.05,0.05,2029,calibrated_short_pulse_to_ltp_ltd,0.17031947459434102,True,True,0.07370020894898116,True,False,False
scale_aware_residual_weighting,0.05,0.05,2029,calibrated_short_pulse_to_ltp_ltd,0.18347239140742702,True,True,0.07835360393164889,False,True,False
continuation_plus_scale_aware,0.05,0.05,2029,calibrated_short_pulse_to_ltp_ltd,0.1209515109438074,True,True,0.05932075352247875,True,True,False
mini_STL_style_transfer,0.05,0.05,2029,calibrated_short_pulse_to_ltp_ltd,0.13239809519236811,True,True,0.06222074113345616,True,False,True
direct_baseline,0.05,0.05,2030,ltp_ltd,0.28169363355136295,False,True,0.12404278870625834,False,False,False
transition_width_continuation,0.05,0.05,2030,ltp_ltd,0.1954117413263641,True,True,0.08287723417109064,True,False,False
scale_aware_residual_weighting,0.05,0.05,2030,ltp_ltd,0.20782559606908818,False,True,0.0878829639043606,False,True,False
continuation_plus_scale_aware,0.05,0.05,2030,ltp_ltd,0.13877065688393975,True,True,0.06394878073488892,True,True,False
mini_STL_style_transfer,0.05,0.05,2030,ltp_ltd,0.15207794092127813,True,True,0.06781918563774456,True,False,True
direct_baseline,0.05,0.05,2030,calibrated_short_pulse_to_ltp_ltd,0.2353449751187328,False,True,0.10007874283652576,False,False,False
transition_width_continuation,0.05,0.05,2030,calibrated_short_pulse_to_ltp_ltd,0.16938241128761017,True,True,0.07338188677649392,True,False,False
scale_aware_residual_weighting,0.05,0.05,2030,calibrated_short_pulse_to_ltp_ltd,0.1762760083879064,True,True,0.07576471665606205,False,True,False
continuation_plus_scale_aware,0.05,0.05,2030,calibrated_short_pulse_to_ltp_ltd,0.12028606018975217,True,True,0.059160221798861476,True,True,False
mini_STL_style_transfer,0.05,0.05,2030,calibrated_short_pulse_to_ltp_ltd,0.13896506248433474,True,True,0.06400277411416386,True,False,True
